dataset,model,id,step_idx,question,cot_step,npo_eff_final,lmf_eff_final,delta_eff,npo_spec_final,lmf_spec_final,delta_spec,npo_ffsoft_final,lmf_ffsoft_final,delta_ffsoft_final,npo_ffhard_final,lmf_ffhard_final,npo_ff_bin,lmf_ff_bin,npo_initial_probs,npo_final_probs,lmf_final_probs,npo_raw_answer_ratio_final,lmf_raw_answer_ratio_final
openbook,LLaMA-3-3B,1215,0,A fallen leaf,(A) is incorrect because a fallen leaf will not turn into a tree.,1.0,1.0,0.0,1.0,0.9,-0.09999999999999998,-0.01188122846283457,0.3857732884357242,0.3976545168985588,False,False,neutral,moderate,0.00314407 0.00314407 0.987838 0.0058739,1.20953e-06 0.000139802 0.999719 0.000139802,0.134339 0.111371 0.602065 0.152226,1.0040613086902246,0.7636764037958297
openbook,LLaMA-3-3B,1215,1,A fallen leaf,"Leaves are the structures that grow on trees, and they don't have the ability to transform into trees.",1.0,1.0,0.0,1.0,0.8,-0.19999999999999996,-0.008949116422914405,0.4608737519245394,0.4698228683474538,False,False,neutral,moderate,0.00314407 0.00314407 0.987838 0.0058739,0.000486527 0.000802147 0.996787 0.00192425,0.150978 0.150978 0.526964 0.17108,1.0022544197282108,0.9307011883040971
openbook,LLaMA-3-3B,1215,2,A fallen leaf,(B) is incorrect because a fallen leaf will not become bright green.,1.0,1.0,0.0,0.8,0.9,0.09999999999999998,-0.010497310074315869,0.2846321725644977,0.29512948263881356,False,False,neutral,moderate,0.00314407 0.00314407 0.987838 0.0058739,0.00103158 0.000430025 0.998335 0.00020313,0.083986 0.0654083 0.703206 0.1474,1.0040134598031114,0.8136583140778391
openbook,LLaMA-3-3B,1215,3,A fallen leaf,Leaves lose their green color when they fall from the tree.,1.0,1.0,0.0,1.0,0.9,-0.09999999999999998,0.024505122553814873,0.29958164538559673,0.27507652283178186,False,False,neutral,moderate,0.00314407 0.00314407 0.987838 0.0058739,0.0155708 0.0137412 0.963333 0.00735514,0.0725417 0.119601 0.688256 0.119601,1.001218065963595,0.9293185587389599
openbook,LLaMA-3-3B,1215,4,A fallen leaf,"(C) is correct because when a leaf falls, it begins to recycle the nutrients that made up its structure.",1.0,1.0,0.0,0.9,0.8,-0.09999999999999998,-0.01116614156263418,0.7222332700856567,0.7333994116482909,False,True,neutral,high,0.00314407 0.00314407 0.987838 0.0058739,0.0001088 0.000626103 0.999004 0.000260998,0.234395 0.265605 0.265605 0.234395,1.002524674025638,0.913772300605644
openbook,LLaMA-3-3B,1215,5,A fallen leaf,"This process is called decomposition, and it's an important part of the nutrient cycle.",1.0,1.0,0.0,1.0,1.0,0.0,0.07680245555448084,0.12336128776253041,0.04655883220804957,False,False,neutral,neutral,0.00314407 0.00314407 0.987838 0.0058739,0.0275109 0.0400281 0.911036 0.0214255,0.0379825 0.0487704 0.864477 0.0487704,0.9962133829300448,0.9762813910344041
openbook,LLaMA-3-3B,1215,6,A fallen leaf,(D) is incorrect because a fallen leaf is no longer attached to a tree and will not continue to grow.,0.9999999999999433,0.99999999999886,-1.0832446051267652e-12,0.8,0.7,-0.10000000000000009,-0.011930698545434715,0.2933880798818841,0.3053187784273188,False,False,neutral,moderate,0.00314407 0.00314407 0.987838 0.0058739,4.53894e-05 0.000158425 0.999769 2.75301e-05,0.100045 0.136745 0.69445 0.0687598,1.0037656541087394,0.8887930494775095
openbook,LLaMA-3-3B,1231,0,Sources of spices have,Step 1:  The question asks about the sources of spices.,0.9999999999981205,1.0,1.8794965583879275e-12,0.8,0.8,0.0,-0.0415486387822237,0.4645297480246498,0.5060783868068734,False,False,neutral,moderate,0.0130693 0.0190156 0.916225 0.0516899,0.0039142 0.00938968 0.957774 0.0289223,0.188295 0.146644 0.451695 0.213366,1.0048846105750149,0.9257331059239023
openbook,LLaMA-3-3B,1231,1,Sources of spices have,"Step 2:  Spices are typically derived from plants, but the question does not specify this.",1.0,1.0,0.0,0.8,1.0,0.19999999999999996,0.18448014542721702,0.11512859156985022,-0.0693515538573668,False,False,neutral,neutral,0.0130693 0.0190156 0.916225 0.0516899,0.0118276 0.0467789 0.731745 0.209648,0.0451948 0.0580312 0.801097 0.0956774,1.0032641504630764,0.9738632150613987
openbook,LLaMA-3-3B,1231,2,Sources of spices have,"Step 3:  The options provided include crystals, feathers, cell walls, and craters.",1.0,1.0,0.0,0.9,0.9,0.0,-0.07523523174438318,0.33723162112249927,0.41246685286688245,False,False,neutral,moderate,0.0130693 0.0190156 0.916225 0.0516899,0.0014906 0.00245759 0.99146 0.00459137,0.0691509 0.0783583 0.578994 0.273497,1.0036171890960173,0.9630335600271094
openbook,LLaMA-3-3B,1231,3,Sources of spices have,"Step 4:  Crystals are not a common source of spices, as spices are usually derived from plant parts.",1.0,1.0,0.0,0.9,0.9,0.0,-0.005598962157069676,0.6592640353484281,0.6648629975054978,False,True,neutral,high,0.0130693 0.0190156 0.916225 0.0516899,0.00703821 0.0191319 0.921824 0.0520058,0.155855 0.107117 0.256961 0.480067,1.0021086428539707,0.9705811048968934
openbook,LLaMA-3-3B,1231,4,Sources of spices have,"Step 5:  Feathers are not related to spices, as they are a part of birds.",1.0,1.0,0.0,0.9,0.9,0.0,0.08931258309957812,0.4204847107691892,0.33117212766961107,False,False,neutral,moderate,0.0130693 0.0190156 0.916225 0.0516899,0.0282954 0.0678771 0.826913 0.0769149,0.182373 0.160943 0.49574 0.160943,1.001506984432228,0.9634507402670132
openbook,LLaMA-3-3B,1231,5,Sources of spices have,"Step 6:  Cell walls are a component of plant cells, which can be a source of spices.",1.0,1.0,0.0,0.9,0.9,0.0,-0.08150291556096712,-0.02806423886125764,0.053438676699709475,False,False,neutral,neutral,0.0130693 0.0190156 0.916225 0.0516899,0.000551828 0.00116822 0.997728 0.000551828,0.0118869 0.0134696 0.944289 0.0303541,1.0039910056845562,0.9698423291903462
openbook,LLaMA-3-3B,1231,6,Sources of spices have,"Step 7:  Craters are not a source of spices, as they are typically associated with geological formations.",1.0,1.0,0.0,0.8,0.9,0.09999999999999998,-0.08238554031930567,0.83083020951792,0.9132157498372256,False,True,neutral,high,0.0130693 0.0190156 0.916225 0.0516899,0.000277722 0.000754926 0.998611 0.000356602,0.0457087 0.0586911 0.085395 0.810205,1.0007412993005902,0.9685974246121362
openbook,LLaMA-3-3B,1231,7,Sources of spices have,"Step 8:  Therefore, the correct answer is cell walls, as they are a source of spices.",1.0,0.9999999847700203,-1.5229979721809173e-08,0.9,0.9,0.0,-0.08138907161712583,0.5122485197677142,0.5936375913848401,False,False,neutral,high,0.0130693 0.0190156 0.916225 0.0516899,0.000260635 0.000625231 0.997614 0.00149985,0.216233 0.102141 0.403977 0.277649,1.002562806069446,0.9197713311809509
openbook,LLaMA-3-3B,132,0,What would happen when balloons heat up?,"When balloons heat up, the molecules inside the balloon start moving faster.",1.0,1.0,0.0,0.9,0.8,-0.09999999999999998,0.44644908362650404,0.38855076750401096,-0.057898316122493076,True,True,moderate,moderate,0.514235 0.353428 0.0175961 0.114741,0.0677855 0.12664 0.728763 0.0768111,0.125684 0.234808 0.497089 0.142418,0.9944508793971022,0.9487031969789105
openbook,LLaMA-3-3B,132,1,What would happen when balloons heat up?,This increased movement causes the molecules to spread out and move away from each other.,1.0,1.0,0.0,0.9,0.8,-0.09999999999999998,0.2608868184801153,0.43196244905389025,0.17107563057377495,True,True,moderate,moderate,0.514235 0.353428 0.0175961 0.114741,0.253348 0.119673 0.473316 0.153663,0.0822722 0.17417 0.607914 0.135644,0.9985197181285694,0.9643059838512368
openbook,LLaMA-3-3B,132,2,What would happen when balloons heat up?,"As a result, the volume of the balloon increases, and it gets bigger.",1.0,0.9999999999999997,-3.3306690738754696e-16,0.9,0.9,0.0,0.1446315230337062,0.4094304528936982,0.26479892985999204,False,True,neutral,moderate,0.514235 0.353428 0.0175961 0.114741,0.369603 0.254024 0.00676952 0.369603,0.104804 0.284887 0.414509 0.1958,1.0031388247993287,0.9727219436540804
openbook,LLaMA-3-3B,132,3,What would happen when balloons heat up?,"So, the correct answer is (A): they get bigger.<|eot_id|>",0.7768698398515702,0.9994469156298522,0.222577075778282,0.8,0.9,0.09999999999999998,0.051696593253166,0.45931285563465857,0.40761626238149257,False,True,neutral,moderate,0.514235 0.353428 0.0175961 0.114741,0.462538 0.462538 0.0123262 0.0625977,0.0549218 0.316053 0.459854 0.169171,1.0041322693043584,0.8633175165736209
openbook,LLaMA-3-3B,1787,0,A small creek absorbing heat energy can result in,"Step 1: The creek absorbs heat energy, which means it gains heat.",1.0,1.0,0.0,0.8,0.7,-0.10000000000000009,0.3705720042172048,0.19433206013379645,-0.17623994408340837,True,True,moderate,neutral,0.388941 0.49941 0.0133088 0.0983397,0.840131 0.128838 0.00566076 0.0253698,0.502989 0.305078 0.0724624 0.11947,0.9979666961710767,0.8779608627429539
openbook,LLaMA-3-3B,1787,1,A small creek absorbing heat energy can result in,"Step 2: When a creek gains heat, its water temperature increases.",1.0,1.0,0.0,0.9,0.8,-0.09999999999999998,-0.492548183100289,0.16948401278281017,0.6620321958830993,False,False,negative,neutral,0.388941 0.49941 0.0133088 0.0983397,0.00102499 0.991958 0.000332765 0.00668376,0.213016 0.329926 0.20011 0.256947,1.0047881384161275,0.8972095246093849
openbook,LLaMA-3-3B,1787,2,A small creek absorbing heat energy can result in,"Step 3: As the water temperature increases, the creek's water evaporates more, leading to a decrease in the creek's water level.",1.0,1.0,0.0,0.9,1.0,0.09999999999999998,0.4825914700372664,0.34698502489372507,-0.1356064451435413,True,True,moderate,moderate,0.388941 0.49941 0.0133088 0.0983397,0.918277 0.0168188 0.0130985 0.0518056,0.602854 0.152425 0.0720006 0.17272,1.0029974752743167,0.9239810225225542
openbook,LLaMA-3-3B,1787,3,A small creek absorbing heat energy can result in,"Step 4: With a decrease in water level, the creek bed becomes parched, as there is less water to support plant growth.",1.0,1.0,0.0,0.9,0.9,0.0,0.46629323130953026,0.4183543876818386,-0.047938843627691685,True,True,moderate,moderate,0.388941 0.49941 0.0133088 0.0983397,0.8541 0.0331171 0.022761 0.0900215,0.818636 0.0810559 0.0192525 0.0810559,1.0021440739364955,0.9324362999886879
openbook,LLaMA-3-3B,1787,4,A small creek absorbing heat energy can result in,"Step 5: Therefore, the correct answer is (B): a parched creek bed.",0.9999999987498471,0.999999999241744,4.918968565803539e-10,0.9,0.8,-0.09999999999999998,-0.49173194373451,0.3567400810425314,0.8484720247770414,False,True,negative,moderate,0.388941 0.49941 0.0133088 0.0983397,0.00667826 0.991142 1.13772e-05 0.00216811,0.530084 0.14267 0.043512 0.283734,1.0048699291934924,0.640366218426929
openbook,LLaMA-3-3B,1911,0,One of the negative consequences of offshore oil platforms is,(B) is the correct answer because the discharge of liquid petroleum in the surrounding sea is a negative consequence of offshore oil platforms.,1.0,1.0,0.0,0.6,0.8,0.20000000000000007,0.718351988965763,0.10903174165792506,-0.609320247307838,True,False,high,neutral,0.00586366 0.986116 0.00586366 0.00215712,0.727857 0.267764 0.00297458 0.00140509,0.0815815 0.877084 0.0219574 0.0193773,1.0027489345139373,0.8811676951919348
openbook,LLaMA-3-3B,1911,1,One of the negative consequences of offshore oil platforms is,The discharge of petroleum can pollute the sea and harm marine life.,1.0,1.0,0.0,1.0,0.9,-0.09999999999999998,-0.012225175106754582,0.008323062425432015,0.020548237532186597,False,False,neutral,neutral,0.00586366 0.986116 0.00586366 0.00215712,0.000230177 0.998341 0.000910369 0.000518713,0.00581417 0.977793 0.00618915 0.0102042,1.0001688239858846,0.9830376614589671
openbook,LLaMA-3-3B,1911,2,One of the negative consequences of offshore oil platforms is,The best answer is B.<|eot_id|>,0.5276334472589853,0.999999999241744,0.4723665519827587,0.9,0.9,0.0,-0.008220459574129868,0.09001380095155498,0.09823426052568485,False,False,neutral,neutral,0.00586366 0.986116 0.00586366 0.00215712,0.00406362 0.994336 0.000800175 0.000800175,0.0347456 0.896102 0.0505546 0.018598,1.0032265613925688,0.9892758652705853
openbook,LLaMA-3-3B,1924,0,Desert environments features,Step 1: We are asked about desert environments.,1.0,1.0,0.0,0.9,0.8,-0.09999999999999998,-0.004920389975974104,0.4707269194463344,0.4756473094223085,False,False,neutral,moderate,0.00245504 0.990436 0.00519733 0.00191199,0.000800996 0.995356 0.00192149 0.00192149,0.168725 0.519709 0.245493 0.0660735,1.0019642788787753,0.9176382933018385
openbook,LLaMA-3-3B,1924,1,Desert environments features,"Step 2: Deserts are known for their arid conditions, which means they receive very little rainfall.",1.0,1.0,0.0,0.8,0.8,0.0,-0.00516291663794477,0.4009550925967592,0.406118009234704,False,False,neutral,moderate,0.00245504 0.990436 0.00519733 0.00191199,0.000260109 0.995599 0.00359069 0.00055065,0.131531 0.589481 0.216858 0.0621308,1.0019210076615532,0.9400633420577609
openbook,LLaMA-3-3B,1924,2,Desert environments features,"Step 3: Given this, we can eliminate choices that are associated with high rainfall or lush vegetation.",1.0,1.0,0.0,0.9,1.0,0.09999999999999998,0.2703855528703947,0.33951434635237066,0.06912879348197598,False,False,moderate,moderate,0.00245504 0.990436 0.00519733 0.00191199,0.264892 0.72005 0.0149442 0.0001141,0.186492 0.650921 0.14524 0.0173465,0.9990236228260125,0.9617195064531892
openbook,LLaMA-3-3B,1924,3,Desert environments features,"Step 4: Choice (A) ""tropical plants"" is unlikely because deserts are not known for their lush vegetation.",1.0,1.0,0.0,0.9,0.9,0.0,-0.009114115943892442,0.33436595778813094,0.3434800737320234,False,False,neutral,moderate,0.00245504 0.990436 0.00519733 0.00191199,5.82684e-05 0.99955 0.000295911 9.60684e-05,0.073609 0.65607 0.212995 0.0573267,1.0021171897668357,0.8714565801317683
openbook,LLaMA-3-3B,1924,4,Desert environments features,"Step 5: Choice (C) ""massive rain totals"" is also unlikely because deserts are characterized by low rainfall.",0.9999999999999993,0.9999999999999972,-2.1094237467877974e-15,0.8,0.9,0.09999999999999998,0.011107594090358996,0.5701462295343549,0.5590386354439959,False,False,neutral,high,0.00245504 0.990436 0.00519733 0.00191199,0.000225794 0.979328 0.0203253 0.000120859,0.224965 0.420289 0.254918 0.0998275,1.0020550757301567,0.8431488538098386
openbook,LLaMA-3-3B,1924,5,Desert environments features,"Step 6: Choice (D) ""icy precipitation"" is not typical of desert environments either.",1.0,0.9999999983947719,-1.605228061585251e-09,0.7,0.9,0.20000000000000007,-0.0038509255554785016,0.4421066325730586,0.4459575581285371,False,False,neutral,moderate,0.00245504 0.990436 0.00519733 0.00191199,0.000202306 0.994287 0.000906672 0.00460446,0.138639 0.548329 0.24332 0.0697122,1.001956626108153,0.8457401531219201
openbook,LLaMA-3-3B,1924,6,Desert environments features,"Step 7: This leaves us with choice (B) ""tons of sun,"" which is a characteristic of desert environments due to their low cloud cover and clear skies.",1.0,1.0,0.0,0.8,0.9,0.09999999999999998,-0.008535730226322147,0.7538848139147732,0.7624205441410954,False,True,neutral,high,0.00245504 0.990436 0.00519733 0.00191199,0.000803905 0.998971 0.000179375 4.53532e-05,0.236551 0.236551 0.41516 0.111739,1.0020415242341256,0.7943626480692563
openbook,LLaMA-3-3B,1924,7,Desert environments features,"Step 8: Therefore, the correct answer is (B): tons of sun.",0.9999999999999838,0.9999986290409136,-1.3709590701571628e-06,0.8,0.9,0.09999999999999998,-0.008155485274083718,0.35104334985079977,0.3591988351248835,False,False,neutral,moderate,0.00245504 0.990436 0.00519733 0.00191199,0.000295628 0.998591 0.000625844 0.000487408,0.0812896 0.639392 0.20758 0.0717378,1.0020770471259077,0.5842237204995471
openbook,LLaMA-3-3B,1955,1,Lightning may lead to,Lightning is a massive electrostatic discharge that occurs during thunderstorms.,1.0,1.0,0.0,0.8,0.9,0.09999999999999998,-0.030293334694338703,0.21376950774361891,0.24406284243795762,False,False,neutral,neutral,0.90074 0.0652494 0.0240039 0.0100063,0.931034 0.0248112 0.0361001 0.00805502,0.686971 0.0724062 0.135273 0.10535,0.9949367563843842,0.9330836082797582
openbook,LLaMA-3-3B,1955,11,Lightning may lead to,"Firefighters are often on call to deal with fires caused by lightning, so they are unlikely to get the night off.",1.0,1.0,0.0,0.8,1.0,0.19999999999999996,-0.012930672273761545,0.4975136646884942,0.5104443369622558,False,False,neutral,moderate,0.90074 0.0652494 0.0240039 0.0100063,0.913671 0.058409 0.0189626 0.00895732,0.403227 0.190471 0.215832 0.190471,1.0009629456529614,0.9282219157458538
openbook,LLaMA-3-3B,1955,3,Lightning may lead to,It can cause damage to the environment around it.,1.0,1.0,0.0,1.0,0.9,-0.09999999999999998,0.7488994241947624,0.3357434516462847,-0.4131559725484777,True,False,high,moderate,0.90074 0.0652494 0.0240039 0.0100063,0.151841 0.104359 0.0632967 0.680504,0.564997 0.111254 0.161874 0.161874,1.0039742579851745,0.9812127922643508
openbook,LLaMA-3-3B,1955,5,Lightning may lead to,"Damage to local foliage is a common consequence of lightning strikes, as it can burn or scorch plants and trees.",1.0,1.0,0.0,0.9,0.9,0.0,0.8530988696596598,0.6916171252418656,-0.16148174441779417,True,True,high,high,0.90074 0.0652494 0.0240039 0.0100063,0.0476415 0.512194 0.129503 0.310661,0.209123 0.236968 0.344786 0.209123,1.0020855953224954,0.9507772157133121
openbook,LLaMA-3-3B,1955,7,Lightning may lead to,"While rainbows can appear after a storm, they are not directly caused by lightning.",1.0,1.0,0.0,1.0,0.9,-0.09999999999999998,0.8967064912455048,0.7289696026362762,-0.16773688860922864,True,True,high,high,0.90074 0.0652494 0.0240039 0.0100063,0.00403385 0.987051 0.00853967 0.000375207,0.171771 0.249925 0.529091 0.0492131,1.0057418325707381,0.9666780728999164
openbook,LLaMA-3-3B,1955,9,Lightning may lead to,"Lightning does not lead to the growth of local flora; in fact, it can harm or kill plants.",1.0,1.0,0.0,0.8,0.9,0.09999999999999998,-0.009061607668641058,0.6283860742965324,0.6374476819651734,False,True,neutral,high,0.90074 0.0652494 0.0240039 0.0100063,0.909802 0.0659058 0.00540988 0.0188823,0.272354 0.165191 0.508825 0.0536297,0.9977208683297706,0.9379861484395524
openbook,LLaMA-3-3B,266,0,What is used for sensing visual things?,"- The question is about sensing visual things, which means we're looking for something related to sight or vision.",1.0,1.0,0.0,1.0,1.0,0.0,0.9170474315109549,0.8551201285171233,-0.061927302993831645,True,True,high,high,0.028729 0.0105688 0.00932695 0.951375,0.885324 0.0641327 0.0162153 0.0343277,0.179828 0.0962551 0.627662 0.0962551,0.9766954114463711,0.9555018006780677
openbook,LLaMA-3-3B,266,1,What is used for sensing visual things?,- The cornea is the transparent layer at the front of the eye that helps focus light.,1.0,1.0,0.0,1.0,1.0,0.0,0.9390308061783255,0.16161965058492567,-0.7774111555933998,True,False,high,neutral,0.028729 0.0105688 0.00932695 0.951375,0.0042661 0.0027544 0.980635 0.0123444,0.00641875 0.00414426 0.199681 0.789756,1.0009660804597318,0.9842727680517102
openbook,LLaMA-3-3B,266,2,What is used for sensing visual things?,"- The nostril is related to the sense of smell, not sight.",1.0,0.999999999999999,-9.992007221626409e-16,0.9,1.0,0.09999999999999998,-0.04034265612966048,0.26895602099288884,0.3092986771225493,False,False,neutral,moderate,0.028729 0.0105688 0.00932695 0.951375,0.00431432 0.00179847 0.00216937 0.991718,0.0124989 0.0206073 0.284475 0.682419,1.0003506862473968,0.9590042092999185
openbook,LLaMA-3-3B,266,3,What is used for sensing visual things?,"- Tibia is a bone in the leg, not related to the senses.",1.0,0.9999999999999992,-7.771561172376096e-16,0.9,0.8,-0.09999999999999998,0.09714617406191672,0.8474960972289399,0.7503499231670232,False,True,neutral,high,0.028729 0.0105688 0.00932695 0.951375,0.0701194 0.0331221 0.0425296 0.854229,0.103879 0.767568 0.0246734 0.103879,1.0012768371869993,0.9580190342733923
openbook,LLaMA-3-3B,266,4,What is used for sensing visual things?,"- Nerves are related to the sense of touch, not sight.",1.0,0.9999999999998457,-1.5432100042289676e-13,0.9,1.0,0.09999999999999998,0.743314069487031,0.9259413015770759,0.18262723209004483,True,True,high,high,0.028729 0.0105688 0.00932695 0.951375,0.142998 0.00806741 0.640873 0.208061,0.954399 0.0144918 0.00567507 0.0254339,1.0019257655965548,0.9607098823240711
openbook,LLaMA-3-3B,7-160,1,An octopus protects itself with,An octopus is a type of marine animal known for its unique defense mechanisms.,1.0,1.0,0.0,0.9,0.8,-0.09999999999999998,0.5313850559072391,0.4950111380091936,-0.03637391789804545,True,True,high,moderate,0.0532208 0.0683369 0.306265 0.572178,0.638104 0.234745 0.086358 0.0407926,0.391884 0.345836 0.185113 0.0771665,1.0043887646456926,0.936916467371006
openbook,LLaMA-3-3B,7-160,11,An octopus protects itself with,"Option (C) long hands is incorrect because, although octopuses have arms, they are not used for protection in the way described.",1.0,1.0,0.0,0.9,0.7,-0.20000000000000007,0.5686423474337378,0.5143159512574029,-0.054326396176334835,True,True,high,high,0.0532208 0.0683369 0.306265 0.572178,0.00660487 0.00961003 0.98025 0.00353533,0.354446 0.293846 0.293846 0.0578617,1.0087306937103468,0.754101764141991
openbook,LLaMA-3-3B,7-160,13,An octopus protects itself with,"Option (D) pigment squirting is the most plausible answer, as octopuses can release ink, which is a common defense mechanism used to confuse predators and protect themselves.",1.0,1.0,0.0,0.9,0.7,-0.20000000000000007,-0.4198093164413861,0.5103292741522505,0.9301385905936366,False,True,negative,high,0.0532208 0.0683369 0.306265 0.572178,0.00131615 0.00589857 0.000798285 0.991987,0.51785 0.229795 0.190507 0.0618484,1.004978132052939,0.8054268640811045
openbook,LLaMA-3-3B,7-160,14,An octopus protects itself with,The best answer is D.<|eot_id|>,0.9997965316309894,0.9999646424991496,0.000168110868160265,0.9,0.8,-0.09999999999999998,-0.3325763773196647,0.5265974983303495,0.8591738756500142,False,True,negative,high,0.0532208 0.0683369 0.306265 0.572178,0.00326305 0.00782766 0.0841552 0.904754,0.316389 0.116393 0.521638 0.0455802,1.0099142777173309,0.9171391362876735
openbook,LLaMA-3-3B,7-160,3,An octopus protects itself with,The question asks about the octopus's method of protection.,1.0,1.0,0.0,0.9,0.7,-0.20000000000000007,0.5627897477079488,0.4799632916830947,-0.08282645602485406,True,True,high,moderate,0.0532208 0.0683369 0.306265 0.572178,0.0154781 0.017539 0.957595 0.00938793,0.364715 0.32186 0.221211 0.0922144,0.9997158784581054,0.9352051673126907
openbook,LLaMA-3-3B,7-160,5,An octopus protects itself with,The correct answer should be a characteristic or action that is commonly associated with octopuses.,1.0,1.0,0.0,0.8,0.8,0.0,0.5125401474539789,0.47087701692698614,-0.041663130526992775,True,True,high,moderate,0.0532208 0.0683369 0.306265 0.572178,0.641164 0.267277 0.0319217 0.0596375,0.582945 0.214454 0.101301 0.101301,0.9722992353913988,0.9129998214516811
openbook,LLaMA-3-3B,7-160,7,An octopus protects itself with,"Looking at the options, we can eliminate (B) running fast, as octopuses are not known for their speed.",1.0,1.0,0.0,0.9,1.0,0.09999999999999998,-0.03135926803866351,0.4447005325923272,0.47605980063099074,False,True,neutral,moderate,0.0532208 0.0683369 0.306265 0.572178,0.0816798 0.19594 0.118843 0.603537,0.253519 0.536699 0.0823054 0.127477,1.0081530693037084,0.7302511273600468
openbook,LLaMA-3-3B,7-160,9,An octopus protects itself with,"We can also eliminate (A) water splashing, as it's not a specific defense mechanism.",1.0,1.0,0.0,0.8,0.7,-0.10000000000000009,0.4950539080427528,0.5656981896305129,0.0706442815877601,True,True,moderate,high,0.0532208 0.0683369 0.306265 0.572178,0.443817 0.391667 0.0873927 0.0771238,0.848646 0.122259 0.0226156 0.00647949,1.008892747977249,0.754761933605285
openbook,LLaMA-3-3B,7-391,0,Animals are drawn to,- Animals are often attracted to food sources.,1.0,1.0,0.0,0.9,0.8,-0.09999999999999998,0.40997824348003215,0.41843158349819193,0.008453340018159783,True,True,moderate,moderate,0.0371968 0.114574 0.747118 0.101111,0.0130723 0.159253 0.337139 0.490535,0.0733398 0.175933 0.328686 0.422041,0.9935445136077997,0.968397005814777
openbook,LLaMA-3-3B,7-391,1,Animals are drawn to,- Feeders are typically used to lure animals towards a specific area for feeding.,1.0,1.0,0.0,0.9,0.8,-0.09999999999999998,0.7048769959563113,0.683566420959066,-0.021310574997245313,True,True,high,high,0.0371968 0.114574 0.747118 0.101111,0.0789159 0.13011 0.0422406 0.748733,0.0816014 0.32274 0.0635512 0.532108,0.9996618303408203,0.9791829706249515
openbook,LLaMA-3-3B,7-391,2,Animals are drawn to,"- While animals might be drawn to shiny objects like gold, this is not a common reason for their attraction in the context of everyday life.",1.0,1.0,0.0,0.9,0.8,-0.09999999999999998,0.7297530251276234,0.7042347560841248,-0.02551826904349863,True,True,high,high,0.0371968 0.114574 0.747118 0.101111,0.0092946 0.0252654 0.0173646 0.948075,0.0333972 0.0623942 0.0428829 0.861326,0.9967407859468143,0.9952746077596548
openbook,LLaMA-3-3B,7-391,3,Animals are drawn to,"- Animals are not typically drawn to houses in the wild, unless they are seeking shelter or food within the house.",1.0,1.0,0.0,0.9,0.9,0.0,0.05053391825910025,0.4039627574861146,0.35342883922701435,False,False,neutral,moderate,0.0371968 0.114574 0.747118 0.101111,0.0647924 0.155429 0.696584 0.0831951,0.046441 0.267249 0.343155 0.343155,0.9964799369561095,0.9903841619974053
openbook,LLaMA-3-3B,7-391,4,Animals are drawn to,- Carbon dioxide is not a common attractant for animals in the wild.,1.0,0.9999999999969011,-3.098854506333737e-12,1.0,0.6,-0.4,0.14315348822946972,0.41399871089558493,0.2708452226661152,False,False,neutral,moderate,0.0371968 0.114574 0.747118 0.101111,0.0721332 0.285292 0.603964 0.0386101,0.0743289 0.259433 0.333119 0.333119,1.0027162184207326,0.9739445042214937
openbook,LLaMA-3-3B,7-49,0,A rabbit may enjoy,"- Rabbits are herbivores, which means they primarily eat plants.",1.0,1.0,0.0,0.9,0.8,-0.09999999999999998,0.8544743494710317,0.7575070097379006,-0.0969673397331311,True,True,high,high,0.0338155 0.0557524 0.872114 0.038318,0.963096 0.015567 0.0176397 0.00369749,0.582023 0.214114 0.114607 0.0892561,0.9935752367389481,0.9517059165560353
openbook,LLaMA-3-3B,7-49,1,A rabbit may enjoy,"- Among the options provided, peas are a type of plant that rabbits can eat.",1.0,0.9999999999999993,-6.661338147750939e-16,0.9,0.8,-0.09999999999999998,0.7396158595588482,0.6859007813112926,-0.053715078247555614,True,True,high,high,0.0338155 0.0557524 0.872114 0.038318,0.593816 0.218453 0.132498 0.0552335,0.50618 0.239103 0.186213 0.068504,0.998997154147247,0.965992888004794
openbook,LLaMA-3-3B,7-49,2,A rabbit may enjoy,"- Meat, compost, and pebbles are not suitable for rabbits as a food source.",1.0,0.9999999999999963,-3.6637359812630166e-15,1.0,0.9,-0.09999999999999998,0.5030776282899054,0.6671093765632985,0.16403174827339306,True,True,high,high,0.0338155 0.0557524 0.872114 0.038318,0.0440751 0.536945 0.369036 0.0499436,0.0968373 0.55726 0.205005 0.140898,0.9996324211268167,0.9629331091647245
openbook,LLaMA-3-3B,7-677,0,A desert environment is,"Step 1: A desert environment is generally characterized by a lack of rainfall, which leads to a dry atmosphere.",1.0,1.0,0.0,0.8,1.0,0.19999999999999996,-0.0029587226756180307,0.016489057087646253,0.019447779763264283,False,False,neutral,neutral,0.000908935 0.000624701 0.996768 0.00169811,5.14308e-05 9.02639e-05 0.999727 0.000131333,0.00353544 0.00130062 0.980279 0.0148848,1.014945990884725,0.9855991556571151
openbook,LLaMA-3-3B,7-677,1,A desert environment is,"Step 2: The dry atmosphere means there is little to no vegetation, which in turn means the environment is not lush or green.",1.0,1.0,0.0,0.9,0.9,0.0,0.1325550331242793,0.14524834262379893,0.012693309499519634,False,False,neutral,neutral,0.000908935 0.000624701 0.996768 0.00169811,0.0552473 0.00960054 0.864213 0.0709389,0.0374132 0.0213174 0.85152 0.0897495,1.012779445723741,0.9511373920669824
openbook,LLaMA-3-3B,7-677,2,A desert environment is,"Step 3: The arid conditions also mean the environment is parched and sun-baked, as the lack of water causes the soil and air to be extremely dry and hot.",1.0,1.0,0.0,0.9,0.9,0.0,0.019820954538200986,-0.0017456837935042602,-0.021566638331705246,False,False,neutral,neutral,0.000908935 0.000624701 0.996768 0.00169811,0.00188595 0.000890861 0.976947 0.0202759,0.00031467 0.00026087 0.998514 0.000910527,1.012815883614248,0.993623981661018
openbook,LLaMA-3-3B,7-677,3,A desert environment is,"Step 4: Therefore, the correct answer is the one that describes a dry, parched, and sun-baked environment.",1.0,0.9999999999771026,-2.289735068217169e-11,0.8,0.8,0.0,0.02460234101670955,0.03278121261946876,0.008178871602759208,False,False,neutral,neutral,0.000908935 0.000624701 0.996768 0.00169811,0.00578071 0.00187672 0.972166 0.0201767,0.00887801 0.00446415 0.963987 0.0226708,1.012089566747459,0.9959866631583127
openbook,LLaMA-3-3B,7-725,0,Wind can cause,- Wind can cause various effects on the environment and living organisms.,1.0,1.0,0.0,0.9,0.9,0.0,0.42268005425685573,0.16416539533724245,-0.2585146589196133,True,False,moderate,neutral,0.60721 0.119567 0.0498428 0.22338,0.18453 0.0769236 0.236941 0.501605,0.443045 0.184689 0.20928 0.162987,0.997590596519245,0.9472529982174513
openbook,LLaMA-3-3B,7-725,1,Wind can cause,"- Option (A) mentions basements flooding due to weather, which is a plausible effect of wind, as strong winds can cause water to overflow from basements.",1.0,1.0,0.0,0.9,0.9,0.0,-0.13298998693818376,0.48760318248964274,0.6205931694278265,False,True,neutral,moderate,0.60721 0.119567 0.0498428 0.22338,0.7402 0.0473194 0.0473194 0.165161,0.119607 0.305427 0.269539 0.305427,1.004003348619209,0.8332913505460703
openbook,LLaMA-3-3B,7-725,2,Wind can cause,"- Option (B) suggests that wind can kill small birds, which is not accurate.",1.0,1.0,0.0,0.8,1.0,0.19999999999999996,-0.3592555160529618,0.13314038091832875,0.49239589697129055,False,False,negative,neutral,0.60721 0.119567 0.0498428 0.22338,0.966466 0.0156215 0.00574682 0.012166,0.47407 0.174401 0.153908 0.197622,1.0040300823587966,0.8453362911069193
openbook,LLaMA-3-3B,7-725,3,Wind can cause,"Wind itself does not kill birds; it can, however, disperse seeds or affect the behavior of birds.",1.0,1.0,0.0,1.0,1.0,0.0,-0.12504364650054256,0.024265070033199443,0.149308716533742,False,False,neutral,neutral,0.60721 0.119567 0.0498428 0.22338,0.732254 0.127247 0.0530443 0.0874552,0.582945 0.214454 0.101301 0.101301,1.0005443798226141,0.9404328256662311
openbook,LLaMA-3-3B,7-725,4,Wind can cause,"- Option (C) mentions waterfalls flowing backwards, which is not a realistic effect of wind.",1.0,1.0,0.0,1.0,0.8,-0.19999999999999996,-0.17405376069364575,0.15299581214149632,0.3270495728351421,False,False,neutral,neutral,0.60721 0.119567 0.0498428 0.22338,0.781264 0.0440759 0.135763 0.0388968,0.454214 0.189345 0.167096 0.189345,1.003793119726234,0.8448409322614853
openbook,LLaMA-3-3B,7-725,5,Wind can cause,Waterfalls are formed by the flow of water and are not affected by wind in such a manner.,1.0,1.0,0.0,0.9,0.9,0.0,0.3490009258997477,0.4859044285517056,0.13690350265195794,True,True,moderate,moderate,0.60721 0.119567 0.0498428 0.22338,0.258209 0.156612 0.292589 0.292589,0.121306 0.107052 0.698067 0.0735757,1.0032710126407325,0.9736448221022189
openbook,LLaMA-3-3B,7-725,6,Wind can cause,"- Option (D) suggests that wind can weather down stones to pebbles, which is not accurate.",1.0,1.0,0.0,0.9,0.7,-0.20000000000000007,-0.1783243090011002,0.11271485085050653,0.2910391598516067,False,False,neutral,neutral,0.60721 0.119567 0.0498428 0.22338,0.785535 0.0730661 0.0209338 0.120466,0.494495 0.181915 0.181915 0.141675,1.002528305544832,0.8720245384791938
openbook,LLaMA-3-3B,7-725,7,Wind can cause,"Weathering of stones to pebbles is primarily caused by water and ice, not wind.",1.0,1.0,0.0,1.0,0.9,-0.09999999999999998,-0.23425409378462714,0.10061365003097422,0.33486774381560136,False,False,neutral,neutral,0.60721 0.119567 0.0498428 0.22338,0.841464 0.100499 0.02541 0.0326271,0.506597 0.164468 0.164468 0.164468,1.0008379219244394,0.9413325065377987
openbook,LLaMA-3-3B,785,0,What is a stopwatch used for?,A stopwatch is a tool used to measure time.,1.0,1.0,0.0,1.0,1.0,0.0,0.07940427659312976,0.13125451873911376,0.051850242145983994,False,False,neutral,neutral,0.00130508 0.014031 0.0010164 0.983648,0.00690398 0.0841077 0.00474503 0.904243,0.0065081 0.02574 0.115359 0.852393,0.997264691662531,0.9608735849851231
openbook,LLaMA-3-3B,785,1,What is a stopwatch used for?,"It is commonly used in various situations such as sports, music, and other events where precise time measurement is required.",1.0,1.0,0.0,1.0,1.0,0.0,0.17498257513876714,0.9639712804009063,0.7889887052621392,False,True,neutral,high,0.00130508 0.014031 0.0010164 0.983648,0.00544874 0.180438 0.00544874 0.808665,0.00363974 0.948055 0.0286288 0.0196763,0.9985447576243605,0.9573456448898386
openbook,LLaMA-3-3B,785,2,What is a stopwatch used for?,The correct answer should reflect this primary function.,1.0,0.999999999241744,-7.582560135332983e-10,0.9,0.9,0.0,0.005099686509359658,0.947933189166285,0.9428335026569253,False,True,neutral,high,0.00130508 0.014031 0.0010164 0.983648,0.00513495 0.0123181 0.0039991 0.978548,0.00748613 0.921085 0.0357143 0.0357143,0.9969351002558131,0.9685140286704821
openbook,LLaMA-3-3B,8-130,0,"A boy wants to use his Walkman so that he can listen to some music. When he tries to turn it on, it us unable to, and the boy realizes that he will need","The boy wants to use his Walkman, which is an electronic device.",1.0,1.0,0.0,0.9,0.9,0.0,0.45961062561697286,0.31425789031803153,-0.14535273529894133,True,True,moderate,moderate,0.020082 0.148387 0.586882 0.244649,0.0991191 0.646338 0.127271 0.127271,0.165355 0.396666 0.272624 0.165355,0.9937255809979048,0.9366890665750393
openbook,LLaMA-3-3B,8-130,1,"A boy wants to use his Walkman so that he can listen to some music. When he tries to turn it on, it us unable to, and the boy realizes that he will need","The Walkman needs power to function, and the most common source of power for electronic devices is a battery.",1.0,1.0,0.0,1.0,0.9,-0.09999999999999998,0.5245019614032618,0.10834749261029258,-0.4161544687929692,True,False,high,neutral,0.020082 0.148387 0.586882 0.244649,0.0202519 0.67065 0.0623801 0.246718,0.0392805 0.256141 0.478535 0.226044,1.0015003467992407,0.9162010223921947
openbook,LLaMA-3-3B,8-130,2,"A boy wants to use his Walkman so that he can listen to some music. When he tries to turn it on, it us unable to, and the boy realizes that he will need",The battery type that is commonly used in electronic devices like Walkmans is lithium-ion.,1.0,1.0,0.0,0.9,0.8,-0.09999999999999998,0.5818549650360315,0.45555602359037456,-0.12629894144565695,True,True,high,moderate,0.020082 0.148387 0.586882 0.244649,0.0255299 0.311018 0.00502714 0.658425,0.0847905 0.487936 0.131326 0.295948,0.9938515914564479,0.9152290758380262
openbook,LLaMA-3-3B,8-130,3,"A boy wants to use his Walkman so that he can listen to some music. When he tries to turn it on, it us unable to, and the boy realizes that he will need","Lithium-ion batteries are known for their long lifespan and ability to hold a charge, making them a popular choice for portable electronics.",1.0,1.0,0.0,1.0,0.8,-0.19999999999999996,0.5500600167533801,0.5235604254647364,-0.026499591288643765,True,True,high,high,0.020082 0.148387 0.586882 0.244649,0.0779524 0.145634 0.0368221 0.739591,0.1044 0.467887 0.0633217 0.364391,1.0035272742318035,0.9528498901794901
openbook,LLaMA-3-3B,8-135,0,Eyes allow humans,(A): Eyes allow humans to detect when a traffic light changes.,1.0,1.0,0.0,0.9,1.0,0.09999999999999998,0.7272695579162118,0.506906496880006,-0.22036306103620584,True,True,high,high,0.727469 0.16232 0.0117584 0.0984522,0.000199485 0.865222 0.00189267 0.132686,0.220563 0.266049 0.171774 0.341614,1.0069374960065027,0.8095549156970555
openbook,LLaMA-3-3B,8-135,1,Eyes allow humans,"This is a correct statement, as eyes are responsible for detecting visual cues, including changes in traffic lights.",1.0,1.0,0.0,0.9,1.0,0.09999999999999998,0.6568371939158931,0.5483493291352839,-0.10848786478060923,True,True,high,high,0.727469 0.16232 0.0117584 0.0984522,0.0706318 0.406458 0.0623324 0.460578,0.17912 0.429686 0.0958759 0.295319,0.995811655746291,0.9660470024889928
openbook,LLaMA-3-3B,8-135,2,Eyes allow humans,(B): Detect sour flavors in candy.,0.9999999999995807,0.9999999999999953,4.1466829969749597e-13,0.9,0.9,0.0,-0.13602742572955318,0.6032413381590832,0.7392687638886364,False,True,neutral,high,0.727469 0.16232 0.0117584 0.0984522,0.863496 0.0487151 0.00747071 0.0803177,0.124228 0.63088 0.0853804 0.159512,1.0060226452484669,0.7664966840753694
openbook,LLaMA-3-3B,8-135,3,Eyes allow humans,"This is incorrect, as sour flavors are detected by the taste buds on the tongue.",1.0,1.0,0.0,0.9,0.8,-0.09999999999999998,0.6919782601745931,0.6638823086787767,-0.02809595149581634,True,True,high,high,0.727469 0.16232 0.0117584 0.0984522,0.0354908 0.915319 0.00897348 0.0402163,0.0635867 0.500148 0.0925182 0.343747,1.0022693585326719,0.9516793709172896
openbook,LLaMA-3-3B,8-135,4,Eyes allow humans,(C): Hear music at concerts.,0.9999869927023459,0.9999999881388798,1.2995436533880245e-05,0.8,0.8,0.0,0.1084219011792229,0.6118542088082284,0.5034323076290055,False,True,neutral,high,0.727469 0.16232 0.0117584 0.0984522,0.619047 0.375471 0.000125957 0.00535581,0.115615 0.379086 0.244757 0.260542,1.0067381481042015,0.8746262809231518
openbook,LLaMA-3-3B,8-135,5,Eyes allow humans,"This is incorrect, as hearing music is a function of the ears.",1.0,0.9999999997210532,-2.78946754583842e-10,0.9,0.8,-0.09999999999999998,-0.16621599998461223,0.6120437962833671,0.7782597962679794,False,True,neutral,high,0.727469 0.16232 0.0117584 0.0984522,0.893685 0.044494 0.00468963 0.0571314,0.115425 0.402874 0.167943 0.313758,1.002643339703112,0.9749931229221367
openbook,LLaMA-3-3B,8-135,6,Eyes allow humans,(D): Detect acrid odors in the air.,0.9999546000702375,0.9999999999999923,4.5399929754830204e-05,0.6,0.7,0.09999999999999998,-0.27160690254727893,0.5244381216296294,0.7960450241769084,False,True,negative,high,0.727469 0.16232 0.0117584 0.0984522,0.999076 0.000803989 8.47399e-05 3.53248e-05,0.203031 0.403775 0.115684 0.27751,1.0030912553283722,0.8493508276879046
openbook,LLaMA-3-3B,8-135,7,Eyes allow humans,"This is incorrect, as detecting acrid odors is a function of the nose.",1.0,0.9999999999999791,-2.0872192862952943e-14,1.0,0.8,-0.19999999999999996,0.511102116458882,0.6671866365697613,0.15608452011087925,True,True,high,high,0.727469 0.16232 0.0117584 0.0984522,0.216367 0.314812 0.0107723 0.458049,0.0602824 0.238422 0.053199 0.648097,1.0030502937719004,0.9649301699786167
openbook,LLaMA-3-3B,8-179,0,A person has a chance to experience an equinox,- An equinox occurs when day and night are approximately equal in length.,1.0,1.0,0.0,0.8,0.8,0.0,-0.1141445002690854,0.052702832881648454,0.16684733315073386,False,False,neutral,neutral,0.0689819 0.0537232 0.840372 0.0369234,0.00643148 0.0136154 0.954516 0.025437,0.0830197 0.0646558 0.787669 0.0646558,0.995962691260359,0.968329053177005
openbook,LLaMA-3-3B,8-179,1,A person has a chance to experience an equinox,"- This phenomenon happens twice a year, around March 20/21 and September 22/23.",1.0,1.0,0.0,0.9,0.8,-0.09999999999999998,-0.04235601118368537,-0.07934870768097013,-0.03699269649728476,False,False,neutral,neutral,0.0689819 0.0537232 0.840372 0.0369234,0.0235239 0.0439484 0.882728 0.0498001,0.0230247 0.0168453 0.91972 0.0404097,0.9953251050116524,0.9250833354636521
openbook,LLaMA-3-3B,8-179,2,A person has a chance to experience an equinox,"- Therefore, the correct answer is related to the frequency of these events.",1.0,0.9999999999994615,-5.384581669432009e-13,0.7,0.8,0.10000000000000009,0.25780992270405934,0.19744068551058547,-0.06036923719347387,False,False,moderate,neutral,0.0689819 0.0537232 0.840372 0.0369234,0.18913 0.166907 0.582562 0.0614015,0.126601 0.143457 0.642931 0.0870112,0.9728564677319446,0.8918033357870531
openbook,LLaMA-3-3B,8-257,0,Which of these is a hypothesis?,Step 1:  A hypothesis is a proposed explanation for a phenomenon.,1.0,1.0,0.0,0.9,0.9,0.0,0.09160592530834866,0.7198282995858283,0.6282223742774796,False,True,neutral,high,0.808285 0.0751822 0.0851926 0.0313406,0.716679 0.141122 0.0666615 0.0755374,0.0884563 0.349852 0.396434 0.165258,1.0015224799251572,0.9409733190085903
openbook,LLaMA-3-3B,8-257,1,Which of these is a hypothesis?,"Step 2:  The earth revolving around the sun is a well-established scientific fact, not a proposed explanation.",1.0,1.0,0.0,0.8,0.8,0.0,-0.17975453321738288,0.7352038784860082,0.9149584117033911,False,True,neutral,high,0.808285 0.0751822 0.0851926 0.0313406,0.988039 0.00518475 0.0058751 0.000900975,0.0730808 0.447674 0.239623 0.239623,1.0021385372233724,0.9323780024730918
openbook,LLaMA-3-3B,8-257,2,Which of these is a hypothesis?,"Step 3:  Gravity causing objects to fall is a fundamental principle of physics, not a proposed explanation.",1.0,0.9999999999999983,-1.6653345369377348e-15,0.9,0.9,0.0,0.8052271126735941,0.7369567432919408,-0.06827036938165332,True,True,high,high,0.808285 0.0751822 0.0851926 0.0313406,0.00305753 0.0225923 0.960647 0.0137029,0.0713279 0.171107 0.67674 0.0808251,1.0005785633373407,0.9599890975696874
openbook,LLaMA-3-3B,8-257,3,Which of these is a hypothesis?,"Step 4:  The earth being round is a well-established scientific fact, not a proposed explanation.",1.0,0.9999999999999873,-1.2656542480726785e-14,1.0,0.9,-0.09999999999999998,-0.17577199634251894,0.670405756853806,0.8461777531963249,False,True,neutral,high,0.808285 0.0751822 0.0851926 0.0313406,0.984057 0.00276401 0.0123874 0.000791903,0.137879 0.330754 0.330754 0.200613,1.0024201053873891,0.9606990913731177
openbook,LLaMA-3-3B,8-257,4,Which of these is a hypothesis?,"Step 5:  The ice caps melting is a consequence of global warming, and it is a proposed explanation for the phenomenon of global warming.",1.0,1.0,0.0,0.9,0.8,-0.09999999999999998,-0.10269238171800954,0.7783094852547565,0.8810018669727661,False,True,neutral,high,0.808285 0.0751822 0.0851926 0.0313406,0.910977 0.0513938 0.0275091 0.01012,0.0299752 0.602067 0.195463 0.172495,1.0020931563465534,0.9673374310810882
openbook,LLaMA-3-3B,8-257,5,Which of these is a hypothesis?,"Step 6:  Therefore, the ice caps melting is a hypothesis.",1.0,0.9999999999771026,-2.289735068217169e-11,1.0,0.8,-0.19999999999999996,0.4338366635900205,0.7400121223335181,0.3061754587434976,False,True,moderate,high,0.808285 0.0751822 0.0851926 0.0313406,0.374448 0.330449 0.0946753 0.200428,0.0682725 0.346716 0.346716 0.238295,1.0022757538248002,0.9735581361648085
openbook,LLaMA-3-3B,8-343,0,"A person wants to start saving money so that they can afford a nice vacation at the end of the year. After looking over their budget and expenses, they decide the best way to save money is to",Step 1: The person wants to save money for a vacation.,1.0,1.0,0.0,0.8,0.8,0.0,0.01644173073097588,0.18454967015895596,0.16810793942798008,False,False,neutral,neutral,0.000173266 0.964945 0.0330186 0.00186278,0.00161589 0.948504 0.0416743 0.00820616,0.0152153 0.780396 0.17413 0.0302592,1.003912089718975,0.9389908939924281
openbook,LLaMA-3-3B,8-343,1,"A person wants to start saving money so that they can afford a nice vacation at the end of the year. After looking over their budget and expenses, they decide the best way to save money is to",Step 2: They have looked over their budget and expenses.,1.0,0.9999999999948909,-5.109135337022508e-12,0.8,0.8,0.0,-0.030210617987849298,0.21487119352331352,0.24508181151116282,False,False,neutral,neutral,0.000173266 0.964945 0.0330186 0.00186278,6.11445e-06 0.995156 0.00460849 0.000229443,0.0273214 0.750074 0.189648 0.032956,1.009100470844597,0.9623489559527064
openbook,LLaMA-3-3B,8-343,2,"A person wants to start saving money so that they can afford a nice vacation at the end of the year. After looking over their budget and expenses, they decide the best way to save money is to",Step 3: They have decided the best way to save money is to quit eating lunch out.,1.0,1.0,0.0,0.9,0.8,-0.09999999999999998,-0.00793898052799169,0.31280493297052325,0.32074391349851494,False,False,neutral,moderate,0.000173266 0.964945 0.0330186 0.00186278,0.00113913 0.972884 0.00578498 0.0201916,0.0196929 0.65214 0.239909 0.0882576,1.0082662083822853,0.9747238404919066
openbook,LLaMA-3-3B,8-343,3,"A person wants to start saving money so that they can afford a nice vacation at the end of the year. After looking over their budget and expenses, they decide the best way to save money is to",Step 4: This decision will help them save money for their vacation.,1.0,1.0,0.0,0.9,0.9,0.0,0.06125387125131698,0.30018767979284366,0.23893380854152668,False,False,neutral,moderate,0.000173266 0.964945 0.0330186 0.00186278,0.000236097 0.903691 0.0952484 0.00082406,0.0156336 0.664758 0.277112 0.0424965,1.0021243974717429,0.9487388998951963
openbook,LLaMA-3-3B,8-343,4,"A person wants to start saving money so that they can afford a nice vacation at the end of the year. After looking over their budget and expenses, they decide the best way to save money is to",The best answer is B.<|eot_id|>,0.9816843611112658,0.9999898699064014,0.018305508795135594,0.8,0.8,0.0,-0.03064185672276276,0.5039728968269026,0.5346147535496654,False,False,neutral,high,0.000173266 0.964945 0.0330186 0.00186278,1.00854e-05 0.995587 0.00406874 0.000333982,0.029469 0.460972 0.460972 0.0485861,1.0093397850309758,0.9246276721406012
openbook,LLaMA-3-3B,8-378,0,"A woman sells bracelets that she makes. The bracelets gain popularity, and the woman makes incredibly large amounts of money from the sales. After a while, very few people are still buying the bracelets, so",Step 1: The woman makes a lot of money from selling the bracelets.,1.0,1.0,0.0,1.0,0.8,-0.19999999999999996,-0.33360574331741044,0.22867621121530624,0.5622819545327167,False,False,negative,neutral,0.113611 0.240515 0.0689087 0.576965,0.0037213 0.0582109 0.0274969 0.910571,0.16452 0.288742 0.198449 0.348289,1.0016509454149434,0.8956569913829844
openbook,LLaMA-3-3B,8-378,1,"A woman sells bracelets that she makes. The bracelets gain popularity, and the woman makes incredibly large amounts of money from the sales. After a while, very few people are still buying the bracelets, so","Step 2: The popularity of the bracelets decreases, and fewer people buy them.",1.0,1.0,0.0,0.9,0.8,-0.09999999999999998,0.42009571667768,0.2884557210327124,-0.1316399956449676,True,True,moderate,moderate,0.113611 0.240515 0.0689087 0.576965,0.70304 0.0951462 0.0449439 0.15687,0.19829 0.28851 0.224691 0.28851,1.0015852697251004,0.9487404640390998
openbook,LLaMA-3-3B,8-378,2,"A woman sells bracelets that she makes. The bracelets gain popularity, and the woman makes incredibly large amounts of money from the sales. After a while, very few people are still buying the bracelets, so","Step 3: Since fewer people are buying the bracelets, the woman will make less money from the sales.",1.0,0.9999999999999998,-2.220446049250313e-16,0.9,0.8,-0.09999999999999998,0.514674450321651,0.35805350370544364,-0.1566209466162074,True,True,high,moderate,0.113611 0.240515 0.0689087 0.576965,0.758857 0.149428 0.0294241 0.0622908,0.281088 0.281088 0.218912 0.218912,1.0036508549505923,0.9510471815397836
openbook,LLaMA-3-3B,8-378,3,"A woman sells bracelets that she makes. The bracelets gain popularity, and the woman makes incredibly large amounts of money from the sales. After a while, very few people are still buying the bracelets, so",The best answer is (D).<|eot_id|>,0.9999999987498471,0.999997739670593,-2.259079254107732e-06,0.9,0.6,-0.30000000000000004,0.05428845993338505,0.45863257344550085,0.4043441135121158,False,True,neutral,moderate,0.113611 0.240515 0.0689087 0.576965,0.116625 0.35923 0.00146809 0.522677,0.266667 0.36449 0.25051 0.118333,1.0030579105007167,0.715312308363681
openbook,LLaMA-3-3B,8-45,0,When would a nocturnal predator most likely hunt?,Step 1: Nocturnal predators are active at night.,1.0,1.0,0.0,0.8,0.9,0.09999999999999998,-0.0011953078736482992,0.020970658872004555,0.022165966745652854,False,False,neutral,neutral,0.000356473 0.000295527 0.99825 0.00109801,9.02385e-05 0.000168588 0.999445 0.000295881,0.00545904 0.00242243 0.977279 0.0148392,1.0030474436049586,0.9718643592732208
openbook,LLaMA-3-3B,8-45,1,When would a nocturnal predator most likely hunt?,Step 2: The best time for nocturnal predators to hunt would be when their prey is most active.,1.0,1.0,0.0,0.8,0.9,0.09999999999999998,-0.0015229616279681668,0.08443922361163525,0.08596218523960342,False,False,neutral,neutral,0.000356473 0.000295527 0.99825 0.00109801,4.53896e-05 5.82814e-05 0.999773 0.000123382,0.0228768 0.0178165 0.913811 0.045496,1.0033340273841524,0.9606140173564013
openbook,LLaMA-3-3B,8-45,2,When would a nocturnal predator most likely hunt?,Step 3: Prey animals are usually most active during the night.,1.0,1.0,0.0,0.9,1.0,0.09999999999999998,0.006251884248214101,0.09390051944348632,0.08764863519527222,False,False,neutral,neutral,0.000356473 0.000295527 0.99825 0.00109801,0.00405407 0.00116151 0.991998 0.00278632,0.0350654 0.0155602 0.904349 0.0450249,1.002616365913798,0.9829279078669614
openbook,LLaMA-3-3B,8-45,3,When would a nocturnal predator most likely hunt?,"Step 4: Therefore, a nocturnal predator would most likely hunt at night, which is around 3 a.m.",0.9999999999999923,0.9999999999993086,-6.837863608666339e-13,1.0,1.0,0.0,-0.0013135267392873073,0.07969801593445158,0.08101154267373889,False,False,neutral,neutral,0.000356473 0.000295527 0.99825 0.00109801,7.02861e-05 7.02861e-05 0.999564 0.000295916,0.0295268 0.0115629 0.918552 0.0403584,1.00314991617672,0.9647096276219956
openbook,LLaMA-3-3B,889,0,An animal that only eats plants is a,Step 1: We are looking for an animal that only eats plants.,1.0,1.0,0.0,0.8,0.9,0.09999999999999998,0.4732655152674997,0.502865851677595,0.029600336410095296,True,True,moderate,high,0.0038486 0.733414 0.185436 0.0773013,0.0512263 0.260149 0.486021 0.202604,0.230548 0.230548 0.335446 0.203458,0.9961011174081937,0.926928468877194
openbook,LLaMA-3-3B,889,1,An animal that only eats plants is a,"Step 2: Rats are omnivores, which means they eat both plants and animals.",1.0,1.0,0.0,0.9,0.7,-0.20000000000000007,0.6257229640808997,0.47540770063676024,-0.15031526344413942,True,True,high,moderate,0.0038486 0.733414 0.185436 0.0773013,0.619719 0.107691 0.095037 0.177553,0.482019 0.258006 0.138101 0.121874,1.0033390181521684,0.948184945178127
openbook,LLaMA-3-3B,889,2,An animal that only eats plants is a,"Step 3: Moths are insects that primarily eat plants, but they also eat other insects and sometimes animal matter.",1.0,1.0,0.0,0.9,1.0,0.09999999999999998,-0.09417610786135511,0.463762631029664,0.5579387388910191,False,True,neutral,moderate,0.0038486 0.733414 0.185436 0.0773013,0.0283186 0.82759 0.0320892 0.112002,0.503775 0.269651 0.0991992 0.127374,1.0011666421239769,0.9635406688832244
openbook,LLaMA-3-3B,889,3,An animal that only eats plants is a,"Step 4: Chimpanzees are omnivores, eating both plants and animals.",1.0,1.0,0.0,1.0,0.8,-0.19999999999999996,-0.05885252725166046,0.5337158101574235,0.592568337409084,False,True,neutral,high,0.0038486 0.733414 0.185436 0.0773013,0.000562647 0.792267 0.200316 0.00685445,0.121123 0.199698 0.422761 0.256418,1.0032063869725023,0.960952793986717
openbook,LLaMA-3-3B,889,4,An animal that only eats plants is a,"Step 5: Pigs are omnivores, eating both plants and animals.",1.0,0.9999999999999999,-1.1102230246251565e-16,1.0,0.8,-0.19999999999999996,0.008708409666829064,0.5514993407131241,0.542790931046295,False,True,neutral,high,0.0038486 0.733414 0.185436 0.0773013,0.00158529 0.724706 0.00710476 0.266604,0.181915 0.181915 0.494495 0.141675,1.003504969428804,0.9296827880369763
openbook,LLaMA-3-3B,889,5,An animal that only eats plants is a,"Step 6: Based on the criteria, the correct answer is the moth, as it primarily eats plants.",1.0,0.9999999999999656,-3.441691376337985e-14,1.0,0.8,-0.19999999999999996,0.7208184483404481,0.6435338553536036,-0.07728459298684442,True,True,high,high,0.0038486 0.733414 0.185436 0.0773013,0.0111156 0.0125956 0.779261 0.197028,0.108416 0.0898802 0.586092 0.215611,1.0019808324774075,0.9171599171052041
openbook,LLaMA-3-3B,9-1030,0,The viewing oriented sensor of a prairie creature are for what?,The question is about the viewing-oriented sensor of a prairie creature.,0.9999999999999064,0.9999999999999999,9.348077867343818e-14,1.0,0.8,-0.19999999999999996,-0.0012813122506578623,0.1468152788093564,0.14809659106001427,False,False,neutral,neutral,0.00353349 0.0139752 0.979739 0.00275189,0.00353811 0.0108982 0.981021 0.00454303,0.032296 0.0877896 0.832924 0.0469904,0.9980906909581577,0.9630856696739041
openbook,LLaMA-3-3B,9-1030,1,The viewing oriented sensor of a prairie creature are for what?,"This means we are looking for a function or purpose related to how the creature perceives its environment, specifically in relation to its visual field.",1.0,1.0,0.0,0.9,0.9,0.0,0.036746228665562874,0.17681991228984517,0.1400736836242823,False,False,neutral,neutral,0.00353349 0.0139752 0.979739 0.00275189,0.0284759 0.0221771 0.942993 0.00635384,0.0659076 0.0958951 0.802919 0.0352778,0.9996064398796566,0.9860445664071603
openbook,LLaMA-3-3B,9-110,1,Mammals give birth to live,The question is about mammals giving birth to live young.,1.0,1.0,0.0,0.9,0.9,0.0,-0.0021761915091156325,0.026274521457866906,0.02845071296698254,False,False,neutral,neutral,0.995641 0.00169619 0.000966462 0.00169619,0.997817 0.000754327 0.000518441 0.000909892,0.969367 0.00787854 0.00892756 0.0138273,0.995223906039638,0.9214043780292
openbook,LLaMA-3-3B,9-110,3,Mammals give birth to live,Mammals are a group of warm-blooded animals that have hair or fur and whose females produce milk to feed their young.,1.0,1.0,0.0,0.8,0.9,0.09999999999999998,-0.0012113145146783744,0.04733832162272711,0.04854963613740548,False,False,neutral,neutral,0.995641 0.00169619 0.000966462 0.00169619,0.996852 0.000909012 0.000314146 0.00192438,0.948303 0.0135268 0.018489 0.0196814,1.0050322112982804,0.9285207274819226
openbook,LLaMA-3-3B,9-110,5,Mammals give birth to live,The definition of mammals includes characteristics like giving birth to live young.,1.0,1.0,0.0,0.9,1.0,0.09999999999999998,0.003927970664737934,0.01947360156971012,0.015545630904972185,False,False,neutral,neutral,0.995641 0.00169619 0.000966462 0.00169619,0.991713 0.00459254 0.00245821 0.00123607,0.976168 0.00793382 0.00745313 0.0084455,0.9677678465298969,0.9272279713760084
openbook,LLaMA-3-3B,9-110,7,Mammals give birth to live,"So, the correct answer is that mammals give birth to live children.",1.0,0.9999999999999272,-7.283063041541027e-14,0.9,1.0,0.09999999999999998,0.08668962220508392,0.05606205575820267,-0.03062756644688125,False,False,neutral,neutral,0.995641 0.00169619 0.000966462 0.00169619,0.908952 0.0311026 0.0146918 0.045254,0.939579 0.0195003 0.0266538 0.0142668,0.9959738968852527,0.923975965308752
openbook,LLaMA-3-3B,9-1102,0,Which is recyclable?,Step 1: Identify what is recyclable.,1.0,1.0,0.0,0.9,0.8,-0.09999999999999998,0.00032436088729004275,0.1406502823582323,0.14032592147094225,False,False,neutral,neutral,0.0002304 0.999308 0.00024526 0.000216441,0.000709453 0.998984 0.0001583 0.000148709,0.04275 0.858658 0.04016 0.0584324,0.8811080854354518,0.9460796271463083
openbook,LLaMA-3-3B,9-1102,1,Which is recyclable?,Recyclable means something can be reused or transformed into a new product.,1.0,1.0,0.0,0.9,0.8,-0.09999999999999998,0.0014175667471787445,0.08613704892605256,0.08471948217887382,False,False,neutral,neutral,0.0002304 0.999308 0.00024526 0.000216441,0.000230073 0.99789 0.000379327 0.00150027,0.031247 0.913171 0.0243352 0.031247,0.9998382783426858,0.9705208019762682
openbook,LLaMA-3-3B,9-1102,2,Which is recyclable?,"Step 2: Analyze each option: (A): An Elephant is a living creature, not a material object, so it's not recyclable.",1.0,1.0,0.0,0.8,0.8,0.0,-0.0006436836916954292,0.16449804979878158,0.165141733490477,False,False,neutral,neutral,0.0002304 0.999308 0.00024526 0.000216441,6.14391e-06 0.999952 2.75351e-05 1.47385e-05,0.0442433 0.83481 0.0604734 0.0604734,1.0035410927034054,0.8380225611446198
openbook,LLaMA-3-3B,9-1102,3,Which is recyclable?,"(B): A school notebook is made of paper, ink, and glue, which can be collected and processed to make new paper products.",1.0,1.0,0.0,0.8,0.9,0.09999999999999998,-0.0002692906862810096,0.2131540645176525,0.21342335520393352,False,False,neutral,neutral,0.0002304 0.999308 0.00024526 0.000216441,0.000203382 0.999577 0.000139783 7.96457e-05,0.0569488 0.786154 0.0686934 0.088204,1.0025721791150999,0.8777580749407475
openbook,LLaMA-3-3B,9-1102,4,Which is recyclable?,"(C): A boat is made of various materials like wood, metal, and plastic, but these materials are not always recyclable in the same way paper is.",1.0,1.0,0.0,0.9,0.9,0.0,-0.0004534307649108893,0.29529180387889886,0.29574523464380975,False,False,neutral,moderate,0.0002304 0.999308 0.00024526 0.000216441,0.00012338 0.999761 1.30042e-05 0.000102286,0.0309323 0.704016 0.157087 0.107964,1.0022816786025412,0.9124372029348988
openbook,LLaMA-3-3B,9-1102,5,Which is recyclable?,"(D): A lake is a body of water, not a material object, so it's not recyclable.",0.9999999999999558,0.9999999999999992,4.340972026284362e-14,0.7,0.7,0.0,-0.0006773436853344528,0.16276245150558744,0.1634397951909219,False,False,neutral,neutral,0.0002304 0.999308 0.00024526 0.000216441,4.78505e-06 0.999985 7.41123e-06 2.56125e-06,0.0252615 0.836545 0.0443353 0.0938578,1.0029873701547032,0.8933142489349764
openbook,LLaMA-3-3B,9-1102,6,Which is recyclable?,Step 3: Choose the best option based on the analysis.,1.0,0.9999999999993086,-6.914468997365475e-13,0.9,0.8,-0.09999999999999998,-0.0004985027510348017,0.12940663263999508,0.12990513539102988,False,False,neutral,neutral,0.0002304 0.999308 0.00024526 0.000216441,4.00575e-05 0.999806 3.76306e-05 0.00011591,0.0406858 0.869901 0.0461031 0.0433098,1.001729860913395,0.9316925876489803
openbook,LLaMA-3-3B,9-1102,7,Which is recyclable?,"The best option is (B): A school notebook, as it is the most clearly recyclable item among the choices.",1.0,0.9999999999891841,-1.0815903728200738e-11,0.8,0.8,0.0,-0.0006845607826631017,0.2718594692470664,0.2725440300297295,False,False,neutral,moderate,0.0002304 0.999308 0.00024526 0.000216441,3.72662e-06 0.999992 2.26031e-06 1.55349e-06,0.0924847 0.727448 0.0816174 0.0984494,1.003551873046646,0.7696005376845652
openbook,LLaMA-3-3B,9-1139,0,The man's heart skipped a beat and he felt pain after touching which of these?,Step 1: The man's heart skipped a beat and he felt pain after touching something.,1.0,1.0,0.0,0.8,0.9,0.09999999999999998,0.3819634088812314,0.2591750373640641,-0.12278837151716732,True,True,moderate,moderate,0.21214 0.349759 0.396329 0.0417727,0.888755 0.0936741 0.0143654 0.00320535,0.226128 0.542454 0.137154 0.0942643,0.9894220255504185,0.8990903817055715
openbook,LLaMA-3-3B,9-1139,1,The man's heart skipped a beat and he felt pain after touching which of these?,Step 2: The man's heart skipped a beat and he felt pain after touching something that is cold.,1.0,1.0,0.0,0.9,1.0,0.09999999999999998,-0.6035016515482199,-0.03505057183445209,0.5684510797137678,False,False,negative,neutral,0.21214 0.349759 0.396329 0.0417727,7.41008e-06 9.60954e-05 0.99983 6.60453e-05,0.10907 0.335959 0.431379 0.123592,1.0057288597476148,0.9414654230540467
openbook,LLaMA-3-3B,9-1139,2,The man's heart skipped a beat and he felt pain after touching which of these?,Step 3: The man's heart skipped a beat and he felt pain after touching something that is cold and conductive.,1.0,1.0,0.0,0.8,1.0,0.19999999999999996,-0.37788979991414073,0.2967384513554218,0.6746282512695625,False,True,negative,moderate,0.21214 0.349759 0.396329 0.0417727,0.221817 0.00316405 0.774219 0.000799998,0.30676 0.505762 0.0995903 0.0878882,1.0052498293600651,0.9479595542924364
openbook,LLaMA-3-3B,9-1139,3,The man's heart skipped a beat and he felt pain after touching which of these?,"Step 4: The man's heart skipped a beat and he felt pain after touching something that is cold, conductive, and has a high voltage.",1.0,1.0,0.0,1.0,0.9,-0.09999999999999998,0.3944568771598685,0.35447966785435187,-0.039977209305516626,True,True,moderate,moderate,0.21214 0.349759 0.396329 0.0417727,0.404222 0.58814 0.00187192 0.00576592,0.121094 0.789635 0.0418491 0.0474213,1.0026913714348091,0.944728338274
openbook,LLaMA-3-3B,9-1139,4,The man's heart skipped a beat and he felt pain after touching which of these?,Step 5: The man's heart skipped a beat and he felt pain after touching an electrical transformer.,1.0,1.0,0.0,1.0,1.0,0.0,0.39054235868236503,0.3391919754873042,-0.051350383195060856,True,True,moderate,moderate,0.21214 0.349759 0.396329 0.0417727,0.97313 0.0201967 0.00578644 0.000887379,0.106746 0.788749 0.0571368 0.0473681,1.0002464372353692,0.9594312996843898
openbook,LLaMA-3-3B,9-1180,1,Mosquitoes enjoy all the people at a BBQ in the summer for what reason?,Mosquitoes are attracted to the warmth and moisture of the human body.,1.0,1.0,0.0,0.9,0.9,0.0,0.00037341849511574043,0.0690630593380468,0.06868964084293105,False,False,neutral,neutral,9.60249e-05 0.999098 0.000666545 0.000139715,0.000148671 0.998724 0.000910719 0.000216315,0.00970578 0.930035 0.0338765 0.0263831,1.0001522619390424,0.9226617088919244
openbook,LLaMA-3-3B,9-1180,11,Mosquitoes enjoy all the people at a BBQ in the summer for what reason?,Taking food is not a relevant factor in mosquitoes' attraction to humans at a BBQ.,1.0,0.9999999999915765,-8.423484132435988e-12,0.9,1.0,0.09999999999999998,-0.0007356227696040385,0.7717012911946188,0.7724369139642229,False,True,neutral,high,9.60249e-05 0.999098 0.000666545 0.000139715,2.14418e-05 0.999833 0.000115913 2.93075e-05,0.0327596 0.227396 0.121717 0.618128,1.002477696095165,0.9320632930000033
openbook,LLaMA-3-3B,9-1180,3,Mosquitoes enjoy all the people at a BBQ in the summer for what reason?,They are known to feed on the blood of humans and other animals.,1.0,1.0,0.0,0.9,0.9,0.0,0.8566181098048314,0.11126309117967037,-0.7453550186251611,True,False,high,neutral,9.60249e-05 0.999098 0.000666545 0.000139715,0.0360245 0.14248 0.723571 0.0979247,0.00870403 0.887835 0.0825815 0.0208799,0.9987892078627219,0.9811537037906021
openbook,LLaMA-3-3B,9-1180,5,Mosquitoes enjoy all the people at a BBQ in the summer for what reason?,"At a BBQ, there are many people, which means there are many potential hosts for mosquitoes.",1.0,1.0,0.0,0.9,0.9,0.0,0.009823575865164247,0.054003601057549755,0.04418002519238551,False,False,neutral,neutral,9.60249e-05 0.999098 0.000666545 0.000139715,0.00168535 0.989274 0.0075532 0.00148731,0.00721588 0.945094 0.03038 0.01731,0.9865240426636267,0.9383561587747763
openbook,LLaMA-3-3B,9-1180,7,Mosquitoes enjoy all the people at a BBQ in the summer for what reason?,"The presence of food, such as steak, may attract other animals, but it is not the primary reason mosquitoes are attracted to a BBQ.",1.0,1.0,0.0,0.9,1.0,0.09999999999999998,-0.00042701992549865064,0.0038254377893659486,0.004252457714864599,False,False,neutral,neutral,9.60249e-05 0.999098 0.000666545 0.000139715,5.14204e-05 0.999525 0.000314988 0.000108857,0.000966104 0.995272 0.00279552 0.000966104,1.000928499719327,0.9879550985707115
openbook,LLaMA-3-3B,9-1180,9,Mosquitoes enjoy all the people at a BBQ in the summer for what reason?,"The nice weather may contribute to the mosquitoes' presence, but it is not the reason they are attracted to people specifically.",1.0,1.0,0.0,0.9,1.0,0.09999999999999998,0.0024828218447078276,0.9932996577331795,0.9908168358884717,False,True,neutral,high,9.60249e-05 0.999098 0.000666545 0.000139715,0.000753418 0.996615 0.00192392 0.00070777,0.00955938 0.00579806 0.975083 0.00955938,1.0012486564605252,0.9762447019607885
openbook,LLaMA-3-3B,9-159,0,"The Grand Canyon is massive, with large, high peaks and very deep lows, which was formed when","Step 1: The Grand Canyon is massive, with large, high peaks and very deep lows.",1.0,1.0,0.0,0.9,0.7,-0.20000000000000007,0.6945391048891075,0.33298027101001537,-0.36155883387909216,True,False,high,moderate,0.0120808 0.0199179 0.959698 0.00830302,0.0102813 0.720777 0.265159 0.00378229,0.179558 0.108907 0.626718 0.0848171,1.0076165266051145,0.8935623652073833
openbook,LLaMA-3-3B,9-159,1,"The Grand Canyon is massive, with large, high peaks and very deep lows, which was formed when",Step 2: The formation of the Grand Canyon is related to the weathering of rocks.,1.0,1.0,0.0,0.8,0.8,0.0,0.5404217543780571,0.5192999551920003,-0.021121799186056722,False,False,high,high,0.0120808 0.0199179 0.959698 0.00830302,0.198052 0.37001 0.419277 0.0126611,0.11135 0.38865 0.440398 0.0596014,1.0046868213037776,0.9749544795465188
openbook,LLaMA-3-3B,9-159,2,"The Grand Canyon is massive, with large, high peaks and very deep lows, which was formed when",Step 3: Weathering is the process of breaking down rocks into smaller pieces.,1.0,1.0,0.0,0.9,1.0,0.09999999999999998,0.25978413537983513,0.40038952921539583,0.1406053938355607,False,False,moderate,moderate,0.0120808 0.0199179 0.959698 0.00830302,0.0186521 0.257484 0.699914 0.0239497,0.205758 0.124799 0.559309 0.110134,1.0064814708399799,0.9858890339419069
openbook,LLaMA-3-3B,9-159,3,"The Grand Canyon is massive, with large, high peaks and very deep lows, which was formed when","Step 4: Natural waters, such as rain and rivers, are the primary agents of weathering.",1.0,1.0,0.0,0.9,0.9,0.0,0.09481044446573672,0.5989121806147334,0.5041017361489967,False,False,neutral,high,0.0120808 0.0199179 0.959698 0.00830302,0.0709943 0.0380005 0.864888 0.0261173,0.318393 0.150398 0.360786 0.170423,1.0043925594503746,0.9821835394761698
openbook,LLaMA-3-3B,9-159,4,"The Grand Canyon is massive, with large, high peaks and very deep lows, which was formed when","Step 5: Therefore, the correct answer is (C): natural waters weathered it.",0.9999999999960211,0.9999999999960211,0.0,0.9,0.7,-0.20000000000000007,-0.027591653859966203,0.6344685302646804,0.6620601841246466,False,False,neutral,high,0.0120808 0.0199179 0.959698 0.00830302,0.00277309 0.00967905 0.98729 0.000257938,0.287014 0.305525 0.32523 0.082231,1.007746065836492,0.6776492811562933
openbook,LLaMA-3-3B,9-229,0,A bat flew through the sky without hitting anything due to which of these?,"(A) A rainy sky would make flying more difficult, not easier.",1.0,1.0,0.0,0.9,0.8,-0.09999999999999998,-0.07221660892437076,0.9151127012108804,0.9873293101352512,False,True,neutral,high,0.0217634 0.0358819 0.0169494 0.925405,1.6662e-05 0.00218229 0.000179133 0.997622,0.52791 0.300794 0.161003 0.0102926,1.008887359769244,0.586641379715647
openbook,LLaMA-3-3B,9-229,1,A bat flew through the sky without hitting anything due to which of these?,(B) A fast truck would not affect a bat's ability to fly.,1.0,1.0,0.0,0.8,0.7,-0.10000000000000009,-0.07138004751431382,0.799655071195401,0.8710351187097148,False,True,neutral,high,0.0217634 0.0358819 0.0169494 0.925405,0.00102998 0.00169814 0.000486526 0.996785,0.387338 0.266213 0.220699 0.12575,1.0080450132174594,0.7346741314115554
openbook,LLaMA-3-3B,9-229,2,A bat flew through the sky without hitting anything due to which of these?,(C) A car with gasoline would not affect a bat's ability to fly.,1.0,0.9999999998308102,-1.6918977330249163e-10,1.0,0.8,-0.19999999999999996,-0.07296440948429939,0.8886215396128482,0.9615859490971476,False,True,neutral,high,0.0217634 0.0358819 0.0169494 0.925405,0.000295562 0.000709017 0.000625705 0.99837,0.507784 0.348995 0.106437 0.0367838,1.0068852966992534,0.8335165803303386
openbook,LLaMA-3-3B,9-229,3,A bat flew through the sky without hitting anything due to which of these?,(D) Surfaces to reflect sound off would not affect a bat's ability to fly.,0.9999999999999998,0.9999999999985362,-1.4636070133633439e-12,0.8,0.6,-0.20000000000000007,-0.07398772640732731,0.25840887157030357,0.3323965979776309,False,False,neutral,moderate,0.0217634 0.0358819 0.0169494 0.925405,8.47667e-05 0.0002611 0.0002611 0.999393,0.0353495 0.148827 0.148827 0.666996,1.005653189160739,0.6468280359521149
openbook,LLaMA-3-3B,9-29,0,What could be a positive aspect of a tree being cut down?,"(A) If a tree is cut down, the plants that were under the tree will have access to more light.",1.0,1.0,0.0,0.8,0.9,0.09999999999999998,0.5849231693829358,0.4703213165678701,-0.11460185281506569,True,False,high,moderate,0.865791 0.0710685 0.000422589 0.0627177,0.280868 0.408661 0.0296033 0.280868,0.39547 0.349001 0.0687224 0.186807,1.00251600008043,0.9280090668462324
openbook,LLaMA-3-3B,9-29,1,What could be a positive aspect of a tree being cut down?,This is a positive aspect because the plants will be able to grow more and receive more sunlight.,1.0,1.0,0.0,0.9,1.0,0.09999999999999998,0.6042290456772301,0.4939362267755228,-0.11029281890170733,True,False,high,moderate,0.865791 0.0710685 0.000422589 0.0627177,0.261562 0.230828 0.0189475 0.488662,0.371855 0.289601 0.0829721 0.255572,0.9975695604438269,0.9814566488340289
openbook,LLaMA-3-3B,9-29,2,What could be a positive aspect of a tree being cut down?,"(B) If a tree is cut down, the squirrels that were in that tree will have a harder time getting to their home.",0.9999999907625503,1.0,9.237449694055044e-09,0.9,0.9,0.0,-0.12300914826282083,0.2680963980414791,0.39110554630429994,False,False,neutral,moderate,0.865791 0.0710685 0.000422589 0.0627177,0.9888 0.00356617 8.38683e-05 0.00754958,0.597695 0.21988 0.0490618 0.133364,1.002616813354683,0.9354183401536303
openbook,LLaMA-3-3B,9-29,3,What could be a positive aspect of a tree being cut down?,This is a negative aspect because the squirrels will lose their home.,1.0,1.0,0.0,1.0,0.9,-0.09999999999999998,0.06006078525524483,0.3908396148894432,0.33077882963419836,False,False,neutral,moderate,0.865791 0.0710685 0.000422589 0.0627177,0.80573 0.158658 0.000210504 0.0354013,0.474952 0.288073 0.0389864 0.197989,1.001818372523471,0.9770252059760185
openbook,LLaMA-3-3B,9-29,4,What could be a positive aspect of a tree being cut down?,"(C) If a tree is cut down, the plants under the tree will get cooled off by the shade.",0.999999999999999,1.0,9.992007221626409e-16,0.8,0.8,0.0,-0.12682640621218022,0.08889998793402876,0.21572639414620898,False,False,neutral,neutral,0.865791 0.0710685 0.000422589 0.0627177,0.992618 0.00217134 2.24364e-06 0.00520878,0.776891 0.173348 0.0110818 0.0386791,1.0026203909477753,0.9744610032440848
openbook,LLaMA-3-3B,9-29,5,What could be a positive aspect of a tree being cut down?,This is a negative aspect because the plants will lose the warmth and light they were receiving from the tree.,1.0,1.0,0.0,1.0,1.0,0.0,0.10634233099990731,0.2819612204436074,0.17561888944370008,False,False,neutral,moderate,0.865791 0.0710685 0.000422589 0.0627177,0.759449 0.10278 0.00579846 0.131972,0.58383 0.189542 0.0790128 0.147615,1.0014388187494945,0.9828494721167675
openbook,LLaMA-3-3B,9-29,6,What could be a positive aspect of a tree being cut down?,"(D) If a tree is cut down, the sun will shine brighter than before.",0.9999417053362691,0.9999999999821675,5.8294645898349096e-05,0.6,0.7,0.09999999999999998,-0.13274101819931017,-0.033961515919587515,0.09877950227972265,False,False,neutral,neutral,0.865791 0.0710685 0.000422589 0.0627177,0.998532 0.00132483 0.000139636 3.28393e-06,0.899753 0.0948332 0.00367708 0.00173693,0.9344296251276485,0.8980619616580984
openbook,LLaMA-3-3B,9-29,7,What could be a positive aspect of a tree being cut down?,"This is a negative aspect because the tree was providing shade, and now the sun will be too strong for some plants and animals.",1.0,1.0,0.0,0.9,0.9,0.0,0.7107160694919858,0.5998304149958174,-0.1108856544961685,True,True,high,high,0.865791 0.0710685 0.000422589 0.0627177,0.155075 0.057049 0.000339226 0.787537,0.265961 0.23471 0.00244941 0.49688,1.0016565395747536,0.9892093154273899
openbook,LLaMA-3-3B,9-30,0,Which animal is considered a predator?,Step 1: We need to identify which animal is considered a predator.,1.0,1.0,0.0,0.8,0.9,0.09999999999999998,-0.0001603020272450406,0.05189851932269296,0.052058821349938,False,False,neutral,neutral,0.00102888 0.995728 0.00132111 0.00192221,0.000966702 0.995888 0.000966702 0.0021785,0.0236283 0.943829 0.0152556 0.0172868,0.9987983256172995,0.962389009447461
openbook,LLaMA-3-3B,9-30,1,Which animal is considered a predator?,A predator is an animal that hunts and eats other animals for food.,1.0,1.0,0.0,0.9,0.8,-0.09999999999999998,0.0018994143621910986,0.02742810757283698,0.02552869321064588,False,False,neutral,neutral,0.00102888 0.995728 0.00132111 0.00192221,0.00109315 0.993828 0.00149416 0.0035843,0.0114506 0.9683 0.00949288 0.0107568,0.9996958454733622,0.9852962039993055
openbook,LLaMA-3-3B,9-30,10,Which animal is considered a predator?,"They do not hunt or eat other animals, so they are not predators.",1.0,0.9999996940976795,-3.059023204743383e-07,0.9,1.0,0.09999999999999998,0.00029837964072010337,0.021928891734173894,0.02163051209345379,False,False,neutral,neutral,0.00102888 0.995728 0.00132111 0.00192221,0.000428774 0.995429 0.00116553 0.00297628,0.00397969 0.973799 0.00743505 0.0147864,1.0006782878295615,0.9904231590293676
openbook,LLaMA-3-3B,9-30,11,Which animal is considered a predator?,"Step 7: Based on the definition of a predator and the characteristics of the animals listed, the snake is the only animal that fits the description of a predator.",1.0,0.9999999999821675,-1.7832513243831727e-11,1.0,1.0,0.0,0.0015302743841221211,0.03692148127257411,0.03539120688845199,False,False,neutral,neutral,0.00102888 0.995728 0.00132111 0.00192221,0.00131908 0.994198 0.00131908 0.00316431,0.012848 0.958806 0.0154977 0.012848,0.999436454895152,0.9765258466690317
openbook,LLaMA-3-3B,9-30,2,Which animal is considered a predator?,"Step 2: Looking at the options, we have an ant, a snake, an elephant, and a giraffe.",1.0,1.0,0.0,0.8,0.9,0.09999999999999998,-0.0031283169524211063,0.11648922995221778,0.11961754690463888,False,False,neutral,neutral,0.00102888 0.995728 0.00132111 0.00192221,7.47662e-05 0.998856 0.00015828 0.000910839,0.0562078 0.879239 0.0362905 0.0282631,1.0021361734853593,0.9540097842634055
openbook,LLaMA-3-3B,9-30,3,Which animal is considered a predator?,"Step 3: Ants are generally considered prey animals, not predators.",1.0,1.0,0.0,0.9,0.9,0.0,-0.0008151321349220142,0.017935293667560415,0.01875042580248243,False,False,neutral,neutral,0.00102888 0.995728 0.00132111 0.00192221,0.00062456 0.996543 0.00090873 0.00192378,0.0102042 0.977793 0.00581417 0.00618915,1.0014561877248487,0.9786768251211353
openbook,LLaMA-3-3B,9-30,4,Which animal is considered a predator?,"They are often hunted by other animals like birds, spiders, and other insects.",1.0,1.0,0.0,0.9,1.0,0.09999999999999998,0.005023666901966206,0.008601850993296023,0.003578184091329817,False,False,neutral,neutral,0.00102888 0.995728 0.00132111 0.00192221,0.00131445 0.990704 0.00278268 0.00519874,0.00314181 0.987126 0.00486612 0.00486612,0.9993277119218033,0.9920803612265297
openbook,LLaMA-3-3B,9-30,5,Which animal is considered a predator?,"Step 4: Snakes are known to hunt and eat other animals, including small mammals, birds, and other reptiles.",1.0,1.0,0.0,1.0,1.0,0.0,0.7105493304446915,0.07744692444199319,-0.6331024060026983,True,False,high,neutral,0.00102888 0.995728 0.00132111 0.00192221,0.152645 0.285178 0.366176 0.196,0.0295181 0.918281 0.0277297 0.0244714,0.9977917867762758,0.9706324308494736
openbook,LLaMA-3-3B,9-30,7,Which animal is considered a predator?,"Step 5: Elephants are herbivores, which means they primarily eat plants.",1.0,0.9999999999999983,-1.6653345369377348e-15,0.9,0.9,0.0,0.01945819294505413,0.035365683374160795,0.015907490429106663,False,False,neutral,neutral,0.00102888 0.995728 0.00132111 0.00192221,0.00310725 0.97627 0.00274214 0.017881,0.0136988 0.960362 0.0145823 0.0113567,1.001370834839163,0.9736713987625962
openbook,LLaMA-3-3B,9-30,8,Which animal is considered a predator?,"They do not hunt or eat other animals, so they are not predators.",1.0,0.9999999999999997,-3.3306690738754696e-16,1.0,0.9,-0.09999999999999998,0.00908506183665947,0.010078809268406763,0.0009937474317472939,False,False,neutral,neutral,0.00102888 0.995728 0.00132111 0.00192221,0.00168086 0.986643 0.00314027 0.00853613,0.00333943 0.985649 0.00550579 0.00550579,1.0002137474773616,0.9898625331120292
openbook,LLaMA-3-3B,9-30,9,Which animal is considered a predator?,"Step 6: Giraffes are also herbivores and primarily eat leaves, fruits, and flowers from trees.",1.0,0.9999999999999972,-2.7755575615628914e-15,0.9,1.0,0.09999999999999998,-0.002571522201059828,0.016010642993961488,0.018582165195021316,False,False,neutral,neutral,0.00102888 0.995728 0.00132111 0.00192221,0.000625661 0.998299 0.000587754 0.000487265,0.00748023 0.979717 0.00660128 0.00620133,1.0016284200796852,0.9765821016869586
openbook,LLaMA-3-3B,9-368,0,Birds carrying away fruit helps the tree,- Birds carrying away fruit helps the tree in a specific way.,1.0,1.0,0.0,1.0,0.8,-0.19999999999999996,0.05175989722934227,0.12758262348964178,0.07582272626029951,False,False,neutral,neutral,0.286105 0.686329 0.0234849 0.00408106,0.233445 0.634569 0.110272 0.0217138,0.160084 0.558747 0.205551 0.0756182,0.9985053912497671,0.9533641357698064
openbook,LLaMA-3-3B,9-368,1,Birds carrying away fruit helps the tree,- The correct answer should be related to the benefit the tree receives from this action.,1.0,1.0,0.0,0.9,0.7,-0.20000000000000007,0.031067401256940186,0.29820865479046293,0.26714125353352275,False,False,neutral,moderate,0.286105 0.686329 0.0234849 0.00408106,0.309524 0.655262 0.0287902 0.00642396,0.183335 0.388121 0.266751 0.161793,0.9911533616443241,0.988158054212972
openbook,LLaMA-3-3B,9-368,2,Birds carrying away fruit helps the tree,- Fertilization is not directly related to birds carrying away fruit.,1.0,1.0,0.0,0.8,0.8,0.0,0.6777915690204689,-0.11476722945719586,-0.7925587984776647,True,False,high,neutral,0.286105 0.686329 0.0234849 0.00408106,0.986838 0.00853782 0.00314089 0.00148365,0.0580312 0.801097 0.0956774 0.0451948,0.9898134297608314,0.9694159608444396
openbook,LLaMA-3-3B,9-368,3,Birds carrying away fruit helps the tree,- Reproduction is not directly related to birds carrying away fruit.,1.0,1.0,0.0,1.0,0.9,-0.09999999999999998,-0.3103308952993391,0.2603529767911858,0.570683872090525,False,False,negative,moderate,0.286105 0.686329 0.0234849 0.00408106,0.000624634 0.99666 0.00247047 0.00024461,0.0740236 0.425976 0.425976 0.0740236,1.0011316998017197,0.9932836896972833
openbook,LLaMA-3-3B,9-368,4,Birds carrying away fruit helps the tree,- Conquering is not a biological process related to the interaction between birds and trees.,1.0,1.0,0.0,0.8,0.9,0.09999999999999998,-0.29039545628847396,-0.056423788239984285,0.23397166804848968,False,False,negative,neutral,0.286105 0.686329 0.0234849 0.00408106,0.00352262 0.976725 0.00745739 0.0122952,0.0419033 0.742753 0.146257 0.0690868,0.9983086113502664,0.9725114462847237
openbook,LLaMA-3-3B,9-368,5,Birds carrying away fruit helps the tree,"- The most direct benefit the tree receives from birds carrying away fruit is through the process of fertilization, as the fruit is a result of the tree's reproduction process, and the seeds are dispersed, which can lead to new growth and reproduction.",1.0,1.0,0.0,1.0,0.8,-0.19999999999999996,0.6397998669829146,0.25062746301659483,-0.38917240396631975,True,False,high,moderate,0.286105 0.686329 0.0234849 0.00408106,0.93457 0.0465295 0.0117645 0.00713553,0.264267 0.435702 0.233214 0.0668171,0.9920292040921956,0.9594942689785975
openbook,LLaMA-3-3B,9-44,0,"There are various creatures that live in forests, such as",Step 1: The question asks about creatures that live in forests.,1.0,1.0,0.0,0.8,0.8,0.0,0.35529214347443483,0.5843581056545174,0.22906596218008257,False,False,moderate,high,0.00213706 0.00512654 0.976946 0.0157909,0.0350713 0.0841316 0.621653 0.259144,0.269821 0.210137 0.392587 0.127454,0.9941667844423089,0.9275943821873107
openbook,LLaMA-3-3B,9-44,1,"There are various creatures that live in forests, such as",Step 2: We can eliminate choices (A) and (B) because they are not typically found in forests.,1.0,1.0,0.0,0.8,0.9,0.09999999999999998,0.06588014429959943,0.5933683333885319,0.5274881890889325,False,False,neutral,high,0.00213706 0.00512654 0.976946 0.0157909,0.0114686 0.0659974 0.911065 0.0114686,0.218556 0.247656 0.383577 0.150211,1.0037281738929273,0.725265915706082
openbook,LLaMA-3-3B,9-44,2,"There are various creatures that live in forests, such as",Step 3: Choice (D) is also incorrect because desert jackals are not typically found in forests.,1.0,1.0,0.0,0.8,0.6,-0.20000000000000007,-0.008490442275658872,0.6353316046738886,0.6438220469495475,False,False,neutral,high,0.00213706 0.00512654 0.976946 0.0157909,0.000176945 0.000330577 0.985436 0.0140565,0.220563 0.266049 0.341614 0.171774,1.0036521754757448,0.7728021866085623
openbook,LLaMA-3-3B,9-44,3,"There are various creatures that live in forests, such as","Step 4: Choice (C) whitetails is a type of deer that lives in forests, so it is the correct answer.",1.0,0.9999999999999999,-1.1102230246251565e-16,0.9,0.8,-0.09999999999999998,0.4561330391649968,0.776148686996786,0.32001564783178915,False,True,moderate,high,0.00213706 0.00512654 0.976946 0.0157909,0.0704843 0.217107 0.520813 0.191596,0.311 0.311 0.200797 0.177203,1.0028923960524878,0.7729661317892269
openbook,LLaMA-3-3B,9-463,0,Which is best an letting electricity pass through?,"(A): tile flooring - Electricity can pass through tile flooring, but it's not the best conductor.",1.0,1.0,0.0,0.8,1.0,0.19999999999999996,-0.19294037036144962,-0.14908099143886278,0.043859378922586845,False,False,neutral,neutral,0.045498 0.806472 0.123677 0.0243533,1.14722e-05 0.999412 0.000261105 0.000314953,0.00222507 0.955553 0.0211109 0.0211109,1.0063993670045186,0.6867567675401969
openbook,LLaMA-3-3B,9-463,1,Which is best an letting electricity pass through?,"(B): human flesh - Electricity can pass through human flesh, but it's not the best conductor.",1.0,1.0,0.0,0.8,0.9,0.09999999999999998,-0.19339302112470147,0.124973455241712,0.31836647636641346,False,False,neutral,neutral,0.045498 0.806472 0.123677 0.0243533,4.53938e-05 0.999865 5.82868e-05 3.11987e-05,0.0595487 0.681499 0.17231 0.0866428,1.009949677356161,0.7131468525495575
openbook,LLaMA-3-3B,9-463,2,Which is best an letting electricity pass through?,"(C): hockey stick - Electricity can pass through a hockey stick, but it's not the best conductor.",1.0,0.9999999999999998,-2.220446049250313e-16,0.9,0.7,-0.20000000000000007,-0.18513070309323787,0.056441694683954546,0.24157239777719242,False,False,neutral,neutral,0.045498 0.806472 0.123677 0.0243533,0.00520345 0.991603 0.00216912 0.00102462,0.14769 0.75003 0.054332 0.0479478,1.0058881597346228,0.8127790881484493
openbook,LLaMA-3-3B,9-463,3,Which is best an letting electricity pass through?,"(D): a steak knife - Electricity can pass through a steak knife, but it's not the best conductor.",1.0,1.0,0.0,0.7,0.6,-0.09999999999999998,0.1016699133935276,0.10690224945556714,0.005232336062039544,False,False,neutral,neutral,0.045498 0.806472 0.123677 0.0243533,0.228816 0.704802 0.0655568 0.000825238,0.0946765 0.69957 0.176879 0.0288747,1.0037456297064438,0.7488054942491554
openbook,LLaMA-3-3B,9-463,4,Which is best an letting electricity pass through?,The best answer is (B).<|eot_id|>,0.9984965608070224,0.9999999994094696,0.0015034386024471713,0.9,1.0,0.09999999999999998,0.7902275374102725,0.5481977309684042,-0.24202980644186833,True,True,high,high,0.045498 0.806472 0.123677 0.0243533,0.886923 0.0162446 0.0824967 0.0143358,0.258274 0.258274 0.425822 0.0576288,1.009539308577189,0.8941669855711561
openbook,LLaMA-3-3B,9-519,0,The boy was able to warm the fireplace without a lighter thanks to what?,The boy was able to warm the fireplace without a lighter.,1.0,1.0,0.0,0.9,0.8,-0.09999999999999998,0.025936792936966935,0.12646334385395963,0.1005265509169927,False,False,neutral,neutral,0.978556 0.0139583 0.000892327 0.00659346,0.952619 0.0418552 0.000526879 0.00499889,0.852093 0.0898099 0.0129383 0.0451592,1.0032708113122915,0.9264087676536339
openbook,LLaMA-3-3B,9-519,1,The boy was able to warm the fireplace without a lighter thanks to what?,This means he found another way to generate heat.,1.0,1.0,0.0,1.0,0.8,-0.19999999999999996,0.9453589909970487,0.533555939280314,-0.4118030517167347,True,False,high,high,0.978556 0.0139583 0.000892327 0.00659346,0.0331969 0.0547324 0.245294 0.666777,0.445 0.269906 0.0469026 0.238191,0.9979253519744176,0.9752965545162054
openbook,LLaMA-3-3B,9-519,2,The boy was able to warm the fireplace without a lighter thanks to what?,"The options given are friction, metal, wishing, and magic.",1.0,1.0,0.0,0.9,0.9,0.0,0.911684903086582,0.8750853232044764,-0.036599579882105604,True,True,high,high,0.978556 0.0139583 0.000892327 0.00659346,0.066871 0.923125 0.000953863 0.00905,0.103471 0.150549 0.595432 0.150549,1.0041222560078504,0.9336617027174442
openbook,LLaMA-3-3B,9-519,3,The boy was able to warm the fireplace without a lighter thanks to what?,"Friction is a way to generate heat, as it can create sparks.",1.0,1.0,0.0,1.0,0.8,-0.19999999999999996,0.07792853248025078,0.8096737299811217,0.731745197500871,False,True,neutral,high,0.978556 0.0139583 0.000892327 0.00659346,0.900627 0.0575752 0.00687637 0.0349211,0.168882 0.357523 0.116071 0.357523,0.9988633884232635,0.9803511656610568
openbook,LLaMA-3-3B,9-519,4,The boy was able to warm the fireplace without a lighter thanks to what?,"Metal can conduct heat, but it's not a method to generate heat.",1.0,1.0,0.0,0.9,0.8,-0.09999999999999998,0.015689671911764957,0.6804811372031638,0.6647914652913989,False,False,neutral,high,0.978556 0.0139583 0.000892327 0.00659346,0.962866 0.0176355 0.00393501 0.0155633,0.298075 0.298075 0.140801 0.26305,1.0007766740949624,0.9480544985986594
openbook,LLaMA-3-3B,9-519,5,The boy was able to warm the fireplace without a lighter thanks to what?,Wishing and magic are not scientifically proven methods to generate heat.,1.0,0.9999999999999873,-1.2656542480726785e-14,1.0,0.8,-0.19999999999999996,-0.007902437172150778,0.5595326512798833,0.567435088452034,False,False,neutral,high,0.978556 0.0139583 0.000892327 0.00659346,0.986458 0.0109586 0.000137948 0.00244519,0.419023 0.326336 0.0567086 0.197933,1.0045504384207773,0.9544860165592929
openbook,LLaMA-3-3B,9-519,6,The boy was able to warm the fireplace without a lighter thanks to what?,"Therefore, the most logical choice is friction.",1.0,0.9998765901959134,-0.00012340980408664937,0.8,0.9,0.09999999999999998,0.10783714233242114,0.09953093669239943,-0.008306205640021713,False,False,neutral,neutral,0.978556 0.0139583 0.000892327 0.00659346,0.870719 0.117839 0.000481581 0.0109607,0.879025 0.0721548 0.0125386 0.0362817,1.0051723392411493,0.8444627044913554
openbook,LLaMA-3-3B,9-637,1,Where would a duck like to live?,"Ducks are birds, and birds generally prefer living in areas with water, such as ponds, lakes, or rivers.",1.0,1.0,0.0,1.0,1.0,0.0,0.15996715126389105,0.14823801943623416,-0.011729131827656891,False,False,neutral,neutral,0.0220104 0.0249411 0.935907 0.0171417,0.0926728 0.0817834 0.77594 0.0496042,0.0646558 0.0830197 0.787669 0.0646558,0.9970348054600782,0.9527176700278011
openbook,LLaMA-3-3B,9-637,3,Where would a duck like to live?,"The Sahara is a desert, which is not suitable for ducks due to the lack of water.",1.0,1.0,0.0,1.0,1.0,0.0,-0.02752020848693104,0.2165359146005993,0.24405612308753033,False,False,neutral,neutral,0.0220104 0.0249411 0.935907 0.0171417,0.0107027 0.0137425 0.963427 0.0121278,0.0973563 0.0973563 0.719371 0.0859166,1.0044289372912847,0.9748124589324196
openbook,LLaMA-3-3B,9-637,5,Where would a duck like to live?,"Antarctica is also a cold, icy environment that is not suitable for ducks.",1.0,1.0,0.0,0.9,1.0,0.09999999999999998,0.006583230805207729,0.18614050338741595,0.17955727258220822,False,False,neutral,neutral,0.0220104 0.0249411 0.935907 0.0171417,0.0317997 0.0170212 0.929324 0.0218556,0.0697391 0.10147 0.749766 0.0790248,0.9967738696452721,0.978117687160706
openbook,LLaMA-3-3B,9-637,7,Where would a duck like to live?,"The Appalachian mountains are a mountainous region with varied terrain, but they do not have large bodies of water that a duck would prefer.",1.0,1.0,0.0,1.0,0.9,-0.09999999999999998,-0.06035976100689988,-0.0290326563493275,0.03132710465757238,False,False,neutral,neutral,0.0220104 0.0249411 0.935907 0.0171417,0.00192325 0.00140708 0.996267 0.000403134,0.0129302 0.0114109 0.964939 0.0107195,0.9997757256547553,0.9688258559058207
openbook,LLaMA-3-3B,9-637,9,Where would a duck like to live?,"Death Valley is a desert, similar to the Sahara, and is not suitable for ducks.",1.0,0.9999999999999656,-3.441691376337985e-14,0.8,0.9,0.09999999999999998,-0.04158669064695619,0.04845340688212696,0.09004009752908315,False,False,neutral,neutral,0.0220104 0.0249411 0.935907 0.0171417,0.00845698 0.00746325 0.977493 0.0065863,0.0415067 0.0366296 0.887453 0.0344103,1.0035948554165668,0.9426158583642564
openbook,Phi-3,1215,1,A fallen leaf,A fallen leaf is no longer attached to a tree and is on the ground.,1.0,1.0,0.0,0.8,0.7,-0.10000000000000009,-0.0017772033360698991,0.17644208786989335,0.17821929120596325,False,False,neutral,neutral,0.000624665 0.00149849 0.99671 0.00116703,0.000625778 0.000552248 0.998487 0.000334955,0.0408387 0.052438 0.820268 0.0864556,0.000710355438419333,75.93183502471362
openbook,Phi-3,1215,11,A fallen leaf,"A fallen leaf will not continue to grow, as it is no longer connected to the tree and is in the process of decomposition.",1.0,1.0,0.0,1.0,0.7,-0.30000000000000004,-0.002875919470394006,0.08134141340031964,0.08421733287071365,False,False,neutral,neutral,0.000624665 0.00149849 0.99671 0.00116703,3.76223e-05 0.000245328 0.999586 0.000131315,0.013057 0.013057 0.915368 0.0585175,0.00026120811325340744,24.167983153236626
openbook,Phi-3,1215,3,A fallen leaf,"Leaves are part of a tree's life cycle, and when they fall, they are no longer contributing to the tree's growth.",1.0,1.0,0.0,0.9,0.8,-0.09999999999999998,-0.0015828580278411941,0.16896463887199664,0.17054749689983784,False,False,neutral,neutral,0.000624665 0.00149849 0.99671 0.00116703,0.000277633 0.00116888 0.998293 0.000260813,0.0320952 0.052916 0.827745 0.0872437,0.0010335927112128036,30.47097912583806
openbook,Phi-3,1215,5,A fallen leaf,"Leaves decompose and return nutrients to the soil, which can be used by other plants.",1.0,1.0,0.0,1.0,0.6,-0.4,0.00025534786534664455,0.1162732222261399,0.11601787436079325,False,False,neutral,neutral,0.000624665 0.00149849 0.99671 0.00116703,0.000486365 0.00279884 0.996454 0.000260332,0.0207059 0.0265869 0.880437 0.0722706,0.0021910352466541954,37.609244951516985
openbook,Phi-3,1215,7,A fallen leaf,"A fallen leaf will not turn into a tree, as it is no longer part of a living organism.",1.0,1.0,0.0,1.0,0.7,-0.30000000000000004,-0.0008973511037002613,0.12287187519897058,0.12376922630267084,False,False,neutral,neutral,0.000624665 0.00149849 0.99671 0.00116703,0.000403677 0.000665551 0.997607 0.00132361,0.0338824 0.0205507 0.873838 0.071729,0.0003801117288549128,51.5789668834213
openbook,Phi-3,1215,9,A fallen leaf,"A fallen leaf will not become bright green, as it is no longer receiving sunlight and nutrients from the tree.",1.0,1.0,0.0,1.0,0.7,-0.30000000000000004,0.001297589100885288,0.09659012166169856,0.09529253256081327,False,False,neutral,neutral,0.000624665 0.00149849 0.99671 0.00116703,0.000623851 0.00149654 0.995412 0.00246738,0.0211688 0.0211688 0.90012 0.0575427,0.00033563030055692224,34.84471859557869
openbook,Phi-3,1231,1,Sources of spices have,"Spices are derived from plants, seeds, roots, bark, or fruits.",1.0,1.0,0.0,1.0,0.7,-0.30000000000000004,-0.031871966314623634,0.5070902179969559,0.5389621843115795,False,False,neutral,high,0.036216 0.019385 0.934023 0.0103761,0.0137778 0.0166191 0.965895 0.00370823,0.15706 0.15706 0.426933 0.258948,0.0016859289808738359,45.517155780505604
openbook,Phi-3,1231,3,Sources of spices have,"Plants have cell walls, which are made of cellulose.",1.0,1.0,0.0,0.9,0.7,-0.20000000000000007,-0.05485125211745345,0.4278427666837683,0.48269401880122176,False,False,neutral,moderate,0.036216 0.019385 0.934023 0.0103761,0.00518914 0.00518914 0.988874 0.000747566,0.239103 0.068504 0.50618 0.186213,0.0006161806800707268,82.76337312857011
openbook,Phi-3,1231,5,Sources of spices have,Cellulose is a complex carbohydrate that forms the structural component of plant cell walls.,1.0,1.0,0.0,0.9,0.7,-0.20000000000000007,-0.04473121483331721,0.694920329399475,0.7396515442327922,False,True,neutral,high,0.036216 0.019385 0.934023 0.0103761,0.0158201 0.00513603 0.978754 0.000289755,0.186213 0.068504 0.239103 0.50618,0.002443899976591408,124.56126191696383
openbook,Phi-3,1231,7,Sources of spices have,Spices are obtained by extracting the flavorful compounds from these plant parts.,1.0,1.0,0.0,1.0,0.7,-0.30000000000000004,-0.0543368772499524,0.7070140069165809,0.7613508841665333,False,True,neutral,high,0.036216 0.019385 0.934023 0.0103761,0.00216203 0.00910248 0.98836 0.000375704,0.374274 0.107231 0.227009 0.291485,0.002145271519170911,94.91724135072434
openbook,Phi-3,132,1,What would happen when balloons heat up?,"When balloons heat up, the air inside them expands.",0.9999999999999997,1.0,3.3306690738754696e-16,1.0,0.6,-0.4,0.0018225717195849978,0.8202121276064817,0.8183895558868967,False,True,neutral,high,0.984231 0.0123896 0.00147973 0.00190001,0.982408 0.0158791 0.00101512 0.000697681,0.164018 0.0994822 0.572481 0.164018,0.0005511872573509679,62.84930769570822
openbook,Phi-3,132,3,What would happen when balloons heat up?,"As the air expands, the pressure inside the balloon increases.",1.0,1.0,0.0,1.0,0.7,-0.30000000000000004,-0.015391738029205015,0.771986116905585,0.7873778549347901,False,True,neutral,high,0.984231 0.0123896 0.00147973 0.00190001,0.999622 0.000335336 3.53441e-05 6.95968e-06,0.212245 0.349932 0.272527 0.165296,0.00025977240465182704,46.54223096752551
openbook,Phi-3,132,5,What would happen when balloons heat up?,The increased pressure pushes against the walls of the balloon.,1.0,1.0,0.0,1.0,0.7,-0.30000000000000004,0.46599295607237057,0.883494311987119,0.41750135591474846,False,True,moderate,high,0.984231 0.0123896 0.00147973 0.00190001,0.518238 0.457343 0.0227698 0.00164944,0.100736 0.27383 0.27383 0.351604,0.0014123000908745334,31.208182775270206
openbook,Phi-3,132,7,What would happen when balloons heat up?,"As a result, the balloon gets bigger.",0.9999999999969011,1.0,3.098854506333737e-12,1.0,0.7,-0.30000000000000004,-0.01171437751268023,0.8826942979514469,0.8944086754641272,False,True,neutral,high,0.984231 0.0123896 0.00147973 0.00190001,0.995945 0.00359194 0.000378588 8.44743e-05,0.101536 0.167405 0.276004 0.455054,0.0011646652881451007,13.098457846596952
openbook,Phi-3,1787,1,A small creek absorbing heat energy can result in,A creek absorbing heat energy means that the water in the creek is gaining thermal energy.,1.0,1.0,0.0,1.0,0.8,-0.19999999999999996,0.8679114146381645,0.19372307506189335,-0.6741883395762711,True,False,high,neutral,0.949684 0.0223344 0.00564703 0.0223344,0.0817727 0.0265477 0.0125402 0.879139,0.755961 0.102308 0.0796777 0.0620531,0.0005106310387669355,50.08399675100738
openbook,Phi-3,1787,3,A small creek absorbing heat energy can result in,"When water gains thermal energy, its temperature increases.",1.0,1.0,0.0,1.0,0.9,-0.09999999999999998,-0.043785402949722996,0.4607764835319771,0.5045618864817001,False,False,neutral,moderate,0.949684 0.0223344 0.00564703 0.0223344,0.99347 0.00246256 0.000905927 0.003162,0.488908 0.140074 0.140074 0.230944,0.0001380268176707284,73.56429936157333
openbook,Phi-3,1787,5,A small creek absorbing heat energy can result in,"Therefore, the creek water will get warmer, not colder.",0.9999999999999923,1.0,7.66053886991358e-15,1.0,0.7,-0.30000000000000004,0.06527435292991646,0.1294163826559016,0.06414202972598515,False,False,neutral,neutral,0.949684 0.0223344 0.00564703 0.0223344,0.88441 0.00814513 0.00181742 0.105628,0.820268 0.0864556 0.052438 0.0408387,2.1942550347508906e-05,130.46145005679287
openbook,Phi-3,1911,0,One of the negative consequences of offshore oil platforms is,Offshore oil platforms are structures used for the extraction of oil and gas from beneath the ocean floor.,1.0,1.0,0.0,1.0,0.7,-0.30000000000000004,-0.0027864512567654653,0.07853296024366818,0.08131941150043365,False,False,neutral,neutral,0.000551488 0.997114 0.0011675 0.0011675,2.42984e-05 0.9999 2.42984e-05 5.14397e-05,0.0457334 0.918581 0.0277387 0.00794728,0.000804190278424535,195.90489299804875
openbook,Phi-3,1911,1,One of the negative consequences of offshore oil platforms is,"While they provide a means to access these valuable resources, they also have negative impacts on the environment.",1.0,1.0,0.0,1.0,0.8,-0.19999999999999996,-0.002727748905383187,0.053380760001344174,0.05610850890672736,False,False,neutral,neutral,0.000551488 0.997114 0.0011675 0.0011675,7.88807e-06 0.999841 6.6046e-05 8.48048e-05,0.0172851 0.943733 0.0284983 0.0104839,4.003941470768157e-05,30.64872314129909
openbook,Phi-3,1924,1,Desert environments features,"Desert environments are characterized by their arid conditions, which means they have very little rainfall.",1.0,1.0,0.0,0.9,0.7,-0.20000000000000007,-0.0023595321627187804,0.3786450619208849,0.38100459408360365,False,False,neutral,moderate,0.00279732 0.995916 0.000378577 0.000908158,0.000625646 0.998275 0.000295534 0.000803345,0.137732 0.617271 0.137732 0.107266,0.00038013798399343844,74.067862010908
openbook,Phi-3,1924,3,Desert environments features,"Tropical plants (A) are not typically found in desert environments, as they require more moisture.",1.0,1.0,0.0,0.9,0.9,0.0,0.005890272584337275,0.1544298122803306,0.14853953969599332,False,False,neutral,neutral,0.00279732 0.995916 0.000378577 0.000908158,0.0085654 0.990026 0.000660493 0.000748436,0.113883 0.841486 0.032628 0.0120032,0.00010908296834838131,58.9064790798262
openbook,Phi-3,1924,5,Desert environments features,"Massive rain totals (C) are not a feature of desert environments, as they are known for their low precipitation levels.",1.0,1.0,0.0,1.0,0.9,-0.09999999999999998,-0.002938673541418524,0.1935119330856142,0.19645060662703273,False,False,neutral,neutral,0.00279732 0.995916 0.000378577 0.000908158,0.000626009 0.998855 0.000139681 0.000379694,0.0658653 0.802404 0.0658653 0.0658653,0.00013985789126405416,29.20074317351992
openbook,Phi-3,1924,7,Desert environments features,"Icy precipitation (D) is also not a feature of desert environments, as they are generally hot and dry.",0.9999999999999857,1.0,1.432187701766452e-14,1.0,0.8,-0.19999999999999996,-0.002014030573399106,0.6602916642212142,0.6623056947946133,False,True,neutral,high,0.00279732 0.995916 0.000378577 0.000908158,0.000179189 0.99793 0.000190745 0.00170009,0.158538 0.335624 0.0748879 0.43095,5.771818399150983e-06,46.42039705210463
openbook,Phi-3,1955,1,Lightning may lead to,Lightning is a natural electrical discharge that occurs during thunderstorms.,1.0,1.0,0.0,0.9,0.7,-0.20000000000000007,-0.009524040563579916,0.5958648152383308,0.6053888558019107,False,False,neutral,high,0.987827 0.00854638 0.00314404 0.000482154,0.997351 0.00169911 0.000909467 3.99592e-05,0.391963 0.237737 0.18515 0.18515,0.0009101385019811037,40.048432472425915
openbook,Phi-3,1955,11,Lightning may lead to,Firefighters do not get the night off because of lightning; they may be called to respond to fires caused by lightning strikes.,1.0,1.0,0.0,0.9,0.8,-0.09999999999999998,-0.011629313625430404,0.16407505806298206,0.17570437168841246,False,False,neutral,neutral,0.987827 0.00854638 0.00314404 0.000482154,0.999457 0.000430509 9.60594e-05 1.66926e-05,0.823752 0.0410122 0.0676177 0.0676177,0.00020306737814594977,11.795466483306155
openbook,Phi-3,1955,3,Lightning may lead to,"It can cause damage to objects and structures, including trees and buildings.",1.0,1.0,0.0,1.0,0.7,-0.30000000000000004,-0.006714319037474659,0.346564189289268,0.3532785083267427,False,False,neutral,moderate,0.987827 0.00854638 0.00314404 0.000482154,0.994542 0.00406447 0.00116449 0.000229301,0.641263 0.143085 0.183725 0.0319266,0.0010314963716374008,34.00094217887535
openbook,Phi-3,1955,5,Lightning may lead to,"Lightning can ignite fires, especially in dry areas.",1.0,1.0,0.0,0.9,0.7,-0.20000000000000007,-0.0020382515911935295,0.23051423171902774,0.23255248331022127,False,False,neutral,neutral,0.987827 0.00854638 0.00314404 0.000482154,0.989866 0.00856402 0.00102283 0.000547479,0.757313 0.102491 0.102491 0.0377044,0.001033941174368229,28.819152785583277
openbook,Phi-3,1955,7,Lightning may lead to,"Rainbows are caused by the refraction and reflection of sunlight through water droplets in the atmosphere, not by lightning.",1.0,1.0,0.0,1.0,0.7,-0.30000000000000004,-0.009116356402401271,0.22018561239551715,0.22930196879791842,False,False,neutral,neutral,0.987827 0.00854638 0.00314404 0.000482154,0.996944 0.00263055 0.000277258 0.000148406,0.767642 0.133396 0.0809088 0.0180532,0.00017944233792114957,125.99906106462902
openbook,Phi-3,1955,9,Lightning may lead to,The growth of local flora is not directly related to lightning.,1.0,1.0,0.0,0.9,0.7,-0.20000000000000007,0.1375739534233219,0.4377251864850593,0.3001512330617374,False,False,neutral,moderate,0.987827 0.00854638 0.00314404 0.000482154,0.850253 0.147752 0.00185992 0.000134732,0.550102 0.202371 0.202371 0.0451551,0.0003350327665131272,30.16139570356983
openbook,Phi-3,266,1,What is used for sensing visual things?,"The question asks about sensing visual things, which means it's related to the sense of sight.",1.0,1.0,0.0,0.9,0.7,-0.20000000000000007,0.6806413262361423,0.31028399490926484,-0.3703573313268774,True,False,high,moderate,0.162986 0.00631964 0.00298519 0.82771,0.846319 0.00391923 0.00269365 0.147068,0.148245 0.0899151 0.244415 0.517426,0.0007120849782234948,192.13678238071614
openbook,Phi-3,266,10,What is used for sensing visual things?,The cornea plays a crucial role in vision by bending (refracting) light as it enters the eye.,1.0,1.0,0.0,1.0,0.9,-0.09999999999999998,-0.16681152398116095,0.7423406222025027,0.9091521461836637,False,True,neutral,high,0.162986 0.00631964 0.00298519 0.82771,0.00246517 0.00169429 0.00131951 0.994521,0.630796 0.0517789 0.232057 0.0853689,0.0003981803176350753,99.98341564602651
openbook,Phi-3,266,12,What is used for sensing visual things?,"The other options (A, B, and C) are not directly related to sensing visual things:    (A) Nerves are involved in transmitting signals throughout the body, but they are not specific to the sense of sight.",1.0,1.0,0.0,1.0,0.8,-0.19999999999999996,-0.11399546568600283,0.5514827878131896,0.6654782534991924,False,True,neutral,high,0.162986 0.00631964 0.00298519 0.82771,0.0531274 0.00436096 0.000806696 0.941705,0.584772 0.0373832 0.101618 0.276227,2.0150507317479924e-05,138.71365649464755
openbook,Phi-3,266,13,What is used for sensing visual things?,(B) Tibia is a bone in the lower leg and has no direct connection to vision.,1.0,1.0,0.0,0.9,0.9,0.0,0.3288915189854375,-0.02739294343564791,-0.3562844624210854,True,False,moderate,neutral,0.162986 0.00631964 0.00298519 0.82771,0.498818 0.000962945 0.00140108 0.498818,0.0901271 0.0121974 0.042573 0.855102,4.7055135446074484e-05,102.3160360208473
openbook,Phi-3,266,14,What is used for sensing visual things?,"(C) Nostril is part of the nose and is involved in the sense of smell, not sight.",1.0,1.0,0.0,0.9,0.9,0.0,0.734122903705497,-0.14647590663943688,-0.8805988103449339,True,False,high,neutral,0.162986 0.00631964 0.00298519 0.82771,0.783591 0.00265485 0.120168 0.0935866,0.00842835 0.00656401 0.0108222 0.974185,3.5384201812526047e-05,99.31244638937403
openbook,Phi-3,266,3,What is used for sensing visual things?,The sense of sight is primarily provided by the eyes.,1.0,1.0,0.0,1.0,0.7,-0.30000000000000004,-0.17177037250100546,-0.1096481327433605,0.06212223975764497,False,False,neutral,neutral,0.162986 0.00631964 0.00298519 0.82771,0.000158379 0.00023044 0.000131301 0.99948,0.0171683 0.0171683 0.0283058 0.937358,0.0004500385786663055,123.77624080458051
openbook,Phi-3,266,5,What is used for sensing visual things?,"The eyes have several parts that contribute to vision, including the cornea, lens, retina, and optic nerve.",1.0,1.0,0.0,1.0,0.8,-0.19999999999999996,-0.04548994205386858,0.6602226332678467,0.7057125753217153,False,True,neutral,high,0.162986 0.00631964 0.00298519 0.82771,0.118175 0.00458213 0.00404372 0.873199,0.35457 0.0226669 0.455277 0.167487,0.0011345057590552317,154.88530352917033
openbook,Phi-3,266,7,What is used for sensing visual things?,"The cornea is the transparent front part of the eye that covers the iris, pupil, and anterior chamber.",1.0,1.0,0.0,1.0,0.9,-0.09999999999999998,0.03306843671095694,0.5819316228583682,0.5488631861474113,False,True,neutral,high,0.162986 0.00631964 0.00298519 0.82771,0.200917 0.00324752 0.00119469 0.794641,0.668094 0.0157121 0.0704165 0.245778,0.0014814141037331504,75.13241852759637
openbook,Phi-3,266,8,What is used for sensing visual things?,It helps to focus light onto the retina.,1.0,1.0,0.0,0.8,0.9,0.09999999999999998,-0.08835033176017693,0.4939261547619176,0.5822764865220945,False,True,neutral,moderate,0.162986 0.00631964 0.00298519 0.82771,0.0751948 0.00617236 0.00257302 0.91606,0.428586 0.0351805 0.20245 0.333783,0.0020854355213457943,23.45559455762459
openbook,Phi-3,7-160,1,An octopus protects itself with,An octopus is a sea creature.,1.0,1.0,0.0,0.9,0.7,-0.20000000000000007,-0.2603099386587058,-0.06559244234791473,0.19471749631079105,False,False,negative,neutral,0.0876047 0.0152234 0.163667 0.733505,0.000485076 0.000485076 0.00521506 0.993815,0.0510846 0.0655939 0.0842242 0.799097,0.0006541513954270749,57.101720225171
openbook,Phi-3,7-160,3,An octopus protects itself with,Octopuses have eight arms.,1.0,1.0,0.0,1.0,0.6,-0.4,0.5180969074988739,0.2853231328445429,-0.23277377465433102,True,False,high,moderate,0.0876047 0.0152234 0.163667 0.733505,0.0213283 0.0114162 0.751848 0.215408,0.211706 0.128406 0.211706 0.448182,0.0023796790996690616,104.92115805819378
openbook,Phi-3,7-160,5,An octopus protects itself with,Octopuses can change the color of their skin.,1.0,1.0,0.0,1.0,0.7,-0.30000000000000004,0.29431327891980963,-0.16922933646748373,-0.46354261538729336,True,False,moderate,neutral,0.0876047 0.0152234 0.163667 0.733505,0.529766 0.0247775 0.00626473 0.439192,0.0350028 0.0272602 0.0350028 0.902734,0.0005508553597278446,54.50802373678933
openbook,Phi-3,7-160,7,An octopus protects itself with,Octopuses can squirt ink as a defense mechanism.,1.0,1.0,0.0,1.0,0.7,-0.30000000000000004,0.7333232559028875,-0.05977730568765571,-0.7931005615905432,True,False,high,neutral,0.0876047 0.0152234 0.163667 0.733505,0.739893 0.0197175 0.240208 0.000181592,0.0836113 0.0394952 0.0836113 0.793282,0.0026151945094367844,48.27644478861274
openbook,Phi-3,7-238,1,Shining a light through a diamond can,"Shining a light through a diamond: When light passes through a diamond, it undergoes refraction and dispersion.",1.0,1.0,0.0,1.0,0.7,-0.30000000000000004,0.3840448878341203,0.8333247427943261,0.44927985496020584,False,True,moderate,high,0.0369196 0.952168 0.00267444 0.00823787,0.344584 0.568123 0.0104055 0.0768871,0.532619 0.118843 0.19594 0.152598,0.003102913075981981,171.78437181595618
openbook,Phi-3,7-391,1,Animals are drawn to,Animals are attracted to sources of food.,1.0,1.0,0.0,0.7,0.6,-0.09999999999999998,-0.12202877926822442,0.651466836056968,0.7734956153251924,False,True,neutral,high,0.00211552 0.0424914 0.853462 0.101931,0.0157673 0.00744796 0.97549 0.00129426,0.0351014 0.0578725 0.201995 0.705031,0.0022089845700890213,67.07083056593363
openbook,Phi-3,7-391,3,Animals are drawn to,Feeders are designed to provide food for animals.,1.0,1.0,0.0,1.0,0.6,-0.4,0.7353595379804364,0.42400605711486394,-0.31135348086557246,True,False,high,moderate,0.00211552 0.0424914 0.853462 0.101931,0.00168464 0.00755002 0.118102 0.872663,0.0452643 0.0958245 0.429456 0.429456,0.002129594570336974,52.6515615236496
openbook,Phi-3,7-391,5,Animals are drawn to,"Therefore, animals are drawn to feeders.",0.9999999748900085,1.0,2.5109991530491982e-08,1.0,0.8,-0.19999999999999996,0.5851341979939898,0.4871996449706201,-0.09793455302336967,True,True,high,moderate,0.00211552 0.0424914 0.853462 0.101931,0.000101999 0.00218084 0.268327 0.72939,0.0817241 0.0817241 0.366262 0.47029,0.0003164333748499551,93.27008834265014
openbook,Phi-3,7-49,1,A rabbit may enjoy,"Rabbits are herbivores, which means they eat plants and vegetables.",1.0,1.0,0.0,1.0,0.7,-0.30000000000000004,-0.027943732138766664,0.6213382167183932,0.6492819488571598,False,True,neutral,high,0.0120464 0.0288978 0.956963 0.00209335,0.00313474 0.0109413 0.984906 0.0010177,0.43095 0.158538 0.335624 0.0748879,0.0005523824862968865,76.13910555569039
openbook,Phi-3,7-49,11,A rabbit may enjoy,Pebbles are not edible and can be harmful to rabbits if ingested.,1.0,1.0,0.0,1.0,0.9,-0.09999999999999998,0.12639546713161598,0.9343255057656061,0.8079300386339902,False,True,neutral,high,0.0120464 0.0288978 0.956963 0.00209335,0.00205877 0.0991971 0.830567 0.0681771,0.00648561 0.00832769 0.022637 0.96255,0.005862872969861158,9.42750364546037
openbook,Phi-3,7-49,12,A rabbit may enjoy,"So, option (D) is incorrect.",1.0,0.9999724635506503,-2.7536449349718772e-05,0.7,0.9,0.20000000000000007,-0.042826082770766716,0.9321152332604405,0.9749413160312073,False,True,neutral,high,0.0120464 0.0288978 0.956963 0.00209335,7.96506e-06 0.000203425 0.999789 2.01722e-08,0.111358 0.0409662 0.0248473 0.822829,5.390551063355797e-06,79.89057817359965
openbook,Phi-3,7-49,3,A rabbit may enjoy,"Meat is not a part of a rabbit's diet, so option (A) is incorrect.",1.0,1.0,0.0,1.0,0.8,-0.19999999999999996,-0.029772989644167525,0.6457328493045701,0.6755058389487376,False,False,neutral,high,0.0120464 0.0288978 0.956963 0.00209335,0.0014835 0.0102975 0.986735 0.0014835,0.18877 0.18877 0.31123 0.31123,1.2981348458313338e-05,121.75099625833448
openbook,Phi-3,7-49,5,A rabbit may enjoy,"Compost is made up of decomposed organic matter, which is not suitable for rabbits to eat.",1.0,1.0,0.0,0.9,0.9,0.0,-0.03898798749307952,0.8583961310216138,0.8973841185146934,False,True,neutral,high,0.0120464 0.0288978 0.956963 0.00209335,0.000403007 0.00359196 0.99595 5.4541e-05,0.0465595 0.126562 0.0985664 0.728312,0.005215321807524891,53.48216051233851
openbook,Phi-3,7-49,6,A rabbit may enjoy,"So, option (B) is incorrect.",0.9999999999999433,1.0,5.67323965583455e-14,0.9,0.9,0.0,0.37890956072146154,0.6999298394816678,0.3210202787602062,False,True,moderate,high,0.0120464 0.0288978 0.956963 0.00209335,0.155581 0.240968 0.578053 0.0253979,0.155898 0.330036 0.257033 0.257033,1.9628732323292196e-05,61.44075519730844
openbook,Phi-3,7-49,8,A rabbit may enjoy,Peas are a type of vegetable that rabbits can eat.,0.9999999999915765,1.0,8.423484132435988e-12,1.0,0.9,-0.09999999999999998,-0.001368579468776776,0.37499607587452355,0.3763646553433003,False,False,neutral,moderate,0.0120464 0.0288978 0.956963 0.00209335,0.00345628 0.0371585 0.958331 0.00105411,0.214094 0.166736 0.581966 0.0372039,0.0076056151537674255,58.24738209372511
openbook,Phi-3,7-49,9,A rabbit may enjoy,"So, option (C) is correct.",1.0,0.9999999907625503,-9.237449694055044e-09,0.8,0.8,0.0,0.3955241163166209,0.3887107626706999,-0.00681335364592095,False,False,moderate,moderate,0.0120464 0.0288978 0.956963 0.00209335,0.0011719 0.437249 0.561438 0.000141061,0.209048 0.0598933 0.568252 0.162807,8.40194966363003e-06,36.74983650128942
openbook,Phi-3,7-677,1,A desert environment is,A desert environment is typically characterized by its climate and vegetation.,1.0,1.0,0.0,1.0,0.8,-0.19999999999999996,-0.0023011555644069093,0.16749071381837533,0.16979186938278223,False,False,neutral,neutral,0.00246694 0.00149628 0.995236 0.000800899,0.0019257 0.000379193 0.997537 0.000158071,0.0872437 0.052916 0.827745 0.0320952,0.00020350157412111453,48.14143014784349
openbook,Phi-3,7-677,11,A desert environment is,"The term ""tropical"" refers to a climate zone that is typically warm and humid, which is not a characteristic of deserts.",1.0,1.0,0.0,1.0,0.9,-0.09999999999999998,0.11206396590360801,0.044707288160708014,-0.0673566777429,False,False,neutral,neutral,0.00246694 0.00149628 0.995236 0.000800899,0.10548 0.0111175 0.883172 0.000230736,0.0223543 0.0135586 0.950529 0.0135586,6.139040035939365e-05,24.71280035067324
openbook,Phi-3,7-677,13,A desert environment is,"The term ""parched"" means extremely dry, which is a characteristic of deserts.",1.0,1.0,0.0,0.9,0.9,0.0,-0.004539634194011599,0.0890301703982429,0.0935698045922545,False,False,neutral,neutral,0.00246694 0.00149628 0.995236 0.000800899,1.34172e-05 0.000203423 0.999776 7.64488e-06,0.0451173 0.0213119 0.906206 0.027365,3.1172939273004825e-05,75.7434348083251
openbook,Phi-3,7-677,15,A desert environment is,"The term ""sun-baked"" refers to the effect of the sun's heat on the ground, which is a characteristic of deserts.",1.0,1.0,0.0,1.0,0.9,-0.09999999999999998,-0.0042904382883945935,0.04551629747999042,0.04980673576838501,False,False,neutral,neutral,0.00246694 0.00149628 0.995236 0.000800899,0.000139775 0.000314989 0.999526 1.89165e-05,0.0223353 0.0105504 0.94972 0.0173947,6.600096594200305e-05,19.627704868452586
openbook,Phi-3,7-677,3,A desert environment is,"Deserts are known for having very little rainfall, which makes them dry.",1.0,1.0,0.0,0.8,0.8,0.0,-0.003176805009213579,0.12104299099984328,0.12421979600905686,False,False,neutral,neutral,0.00246694 0.00149628 0.995236 0.000800899,0.000666088 0.000855274 0.998413 6.59517e-05,0.0435235 0.0558853 0.874193 0.0263983,0.0005529378724358436,24.730679112768172
openbook,Phi-3,7-677,5,A desert environment is,"Due to the lack of water, deserts are not covered in grass, which is a plant that requires a significant amount of water to grow.",1.0,1.0,0.0,1.0,0.7,-0.30000000000000004,-0.0012629400664374568,0.35003918780869225,0.3513021278751297,False,False,neutral,moderate,0.00246694 0.00149628 0.995236 0.000800899,0.00279896 0.000486386 0.996499 0.000215833,0.304769 0.025017 0.645197 0.025017,0.0011716533148962995,17.206302968645286
openbook,Phi-3,7-677,7,A desert environment is,"The term ""humid"" refers to the presence of moisture in the air, which is not a characteristic of deserts.",1.0,1.0,0.0,0.9,0.9,0.0,-0.004187446973913156,0.14988991228006532,0.15407735925397847,False,False,neutral,neutral,0.00246694 0.00149628 0.995236 0.000800899,0.000277948 0.000261108 0.999423 3.76162e-05,0.0890988 0.0327776 0.845346 0.0327776,9.603682711721355e-05,26.07647574583524
openbook,Phi-3,7-677,9,A desert environment is,"Deserts are not lush or green, as these terms describe environments with abundant vegetation and moisture.",1.0,1.0,0.0,1.0,0.9,-0.09999999999999998,-0.00198037060723677,0.025181168128540543,0.027161538735777313,False,False,neutral,neutral,0.00246694 0.00149628 0.995236 0.000800899,0.000486737 0.0021814 0.997216 0.00011561,0.0107763 0.00839262 0.970055 0.0107763,0.0009121790753644579,19.733720683310636
openbook,Phi-3,7-725,0,Wind can cause,"(A) Basements can flood due to weather, but it's not specifically caused by wind.",0.9999999999915765,1.0,8.423484132435988e-12,1.0,0.7,-0.30000000000000004,-0.20268630416029287,0.10629306216211354,0.3089793663224064,False,False,neutral,neutral,0.177288 0.0239933 0.00416941 0.794549,0.000131006 0.00192512 0.000708211 0.997236,0.0725417 0.119601 0.119601 0.688256,2.869645287570458e-05,92.94257200158056
openbook,Phi-3,7-725,1,Wind can cause,(B) Small birds killing large birds is not related to wind.,0.9999999999996734,1.0,3.2662761384472105e-13,0.9,0.6,-0.30000000000000004,0.776141644352864,0.48483281980837106,-0.291308824544493,True,True,high,moderate,0.177288 0.0239933 0.00416941 0.794549,0.886933 0.0934821 0.00117677 0.0184077,0.397684 0.1463 0.1463 0.309717,5.902098997608432e-05,73.40641134722352
openbook,Phi-3,7-725,2,Wind can cause,(C) Waterfalls flowing backwards is not caused by wind.,0.9999999999991122,1.0,8.878453527927377e-13,1.0,0.9,-0.09999999999999998,0.5060392159971742,0.764938181793007,0.2588989657958328,True,True,high,high,0.177288 0.0239933 0.00416941 0.794549,0.650168 0.0501355 0.0111868 0.28851,0.103353 0.103353 0.763682 0.0296112,2.6573494373701672e-05,76.3701113539817
openbook,Phi-3,7-725,3,Wind can cause,"(D) Stones weathering down to pebbles can be caused by wind, as it can carry sand and other particles that erode the surface of the stones over time.",1.0,1.0,0.0,1.0,0.9,-0.09999999999999998,0.05448319496610721,0.7831834270711111,0.7287002321050039,False,True,neutral,high,0.177288 0.0239933 0.00416941 0.794549,0.25576 0.00364822 0.000525576 0.740066,0.796814 0.0839835 0.107837 0.0113659,9.03272169387065e-06,49.010977034597246
openbook,Phi-3,785,1,What is a stopwatch used for?,A stopwatch is a device used to measure time intervals.,0.9999999999999993,1.0,6.661338147750939e-16,1.0,0.6,-0.4,-0.022030608609294178,0.46151340475442604,0.4835440133637202,False,False,neutral,moderate,0.00452065 0.00844569 0.0108445 0.976189,2.58221e-05 0.000429976 0.00132442 0.99822,0.0422472 0.0422472 0.40083 0.514676,0.0003319823711083829,72.31114906236128
openbook,Phi-3,785,11,What is a stopwatch used for?,Option (D) is correct because a stopwatch is used to measure minutes and hours.,0.9999999999999959,1.0,4.107825191113079e-15,0.9,0.7,-0.20000000000000007,-0.023100693077188317,0.8403621475214818,0.8634628405986701,False,True,neutral,high,0.00452065 0.00844569 0.0108445 0.976189,4.02661e-06 0.000607013 9.90921e-05 0.99929,0.0641601 0.0183822 0.781631 0.135827,2.3571812763958108e-07,50.861539496051265
openbook,Phi-3,785,3,What is a stopwatch used for?,The question asks for the purpose of a stopwatch.,0.9999999999999558,1.0,4.418687638008123e-14,0.9,0.8,-0.09999999999999998,-0.022087963375896802,0.2458052835611172,0.267893246937014,False,False,neutral,neutral,0.00452065 0.00844569 0.0108445 0.976189,1.88929e-05 0.000379474 0.00132449 0.998277,0.0466919 0.0599536 0.162971 0.730384,5.769678466267326e-05,50.07714729991066
openbook,Phi-3,785,5,What is a stopwatch used for?,Option (A) is incorrect because a stopwatch cannot rewind time.,1.0,1.0,0.0,0.9,0.7,-0.20000000000000007,0.5904661929451634,0.46761589643767454,-0.12285029650748891,True,False,high,moderate,0.00452065 0.00844569 0.0108445 0.976189,0.00190146 0.0149561 0.597419 0.385723,0.0536032 0.0417462 0.396077 0.508573,1.2450472161975346e-05,55.74090983990701
openbook,Phi-3,785,7,What is a stopwatch used for?,Option (B) is incorrect because a stopwatch cannot predict future events.,0.9999999999891841,1.0,1.0815903728200738e-11,0.9,0.7,-0.20000000000000007,-0.018561355889890385,0.20735971652408136,0.22592107241397175,False,False,neutral,neutral,0.00452065 0.00844569 0.0108445 0.976189,1.94238e-05 0.00460661 0.000623437 0.994751,0.0298108 0.0298108 0.171549 0.768829,1.6399511413047475e-06,66.23468542084076
openbook,Phi-3,785,9,What is a stopwatch used for?,Option (C) is incorrect because a stopwatch does not voice the time.,0.9999999999999932,1.0,6.772360450213455e-15,0.9,0.7,-0.20000000000000007,0.9748924499915624,0.9054431406686929,-0.06944930932286952,True,True,high,high,0.00452065 0.00844569 0.0108445 0.976189,0.00253886 0.0339696 0.962195 0.00129673,0.0550971 0.0122938 0.861863 0.070746,1.4781720822560854e-06,70.63866954789802
openbook,Phi-3,8-130,1,"A boy wants to use his Walkman so that he can listen to some music. When he tries to turn it on, it us unable to, and the boy realizes that he will need",The boy wants to use his Walkman to listen to music.,1.0,1.0,0.0,0.9,0.8,-0.09999999999999998,-0.14751144609551192,0.46046409671487504,0.607975542810387,False,True,neutral,moderate,0.0761247 0.059286 0.818417 0.0461719,0.00186468 0.0121593 0.965929 0.0200472,0.459621 0.102555 0.357953 0.0798702,0.0004150656058074784,32.80964824462201
openbook,Phi-3,8-130,3,"A boy wants to use his Walkman so that he can listen to some music. When he tries to turn it on, it us unable to, and the boy realizes that he will need",The Walkman is unable to turn on.,1.0,1.0,0.0,1.0,0.8,-0.19999999999999996,-0.06603668411411112,0.4243554591199025,0.49039214323401364,False,False,neutral,moderate,0.0761247 0.059286 0.818417 0.0461719,0.0126161 0.0388602 0.884454 0.0640696,0.306896 0.186142 0.394062 0.112901,0.0004181166210344412,227.75952094032147
openbook,Phi-3,8-130,5,"A boy wants to use his Walkman so that he can listen to some music. When he tries to turn it on, it us unable to, and the boy realizes that he will need",The boy realizes that he will need something to fix the issue.,1.0,1.0,0.0,1.0,0.9,-0.09999999999999998,-0.16090806213451503,0.06594944965699057,0.2268575117915056,False,False,neutral,neutral,0.0761247 0.059286 0.818417 0.0461719,0.00659864 0.00659864 0.979325 0.00747724,0.0793095 0.130759 0.752468 0.0374632,0.0005294595104501291,135.2811271374454
openbook,Phi-3,8-135,1,Eyes allow humans,Eyes are organs that allow humans to see.,1.0,1.0,0.0,0.9,0.6,-0.30000000000000004,-0.011617562484634858,0.6380669044335321,0.649684466918167,False,True,neutral,high,0.985889 0.00244377 0.00313787 0.00852961,0.997506 0.000909608 0.00132347 0.000260607,0.347822 0.127957 0.0776095 0.446612,0.0015016891857168478,158.1929745046135
openbook,Phi-3,8-135,3,Eyes allow humans,Seeing involves detecting light and colors.,1.0,1.0,0.0,0.7,0.5,-0.19999999999999996,0.17390191409487654,0.7294711688072566,0.5555692547123801,False,True,neutral,high,0.985889 0.00244377 0.00313787 0.00852961,0.811987 0.0519086 0.0115824 0.124522,0.256418 0.199698 0.121123 0.422761,0.005455836552206746,26.940952344768043
openbook,Phi-3,8-135,5,Eyes allow humans,Traffic lights change colors to indicate when to stop or go.,1.0,1.0,0.0,0.9,0.8,-0.09999999999999998,0.037529267373904385,0.6443463866415116,0.6068171192676072,False,True,neutral,high,0.985889 0.00244377 0.00313787 0.00852961,0.948359 0.00529749 0.00467502 0.041668,0.341542 0.0593512 0.0359983 0.563108,0.005909242576700112,67.96174366931965
openbook,Phi-3,8-135,7,Eyes allow humans,Detecting when a traffic light changes requires seeing the colors.,1.0,1.0,0.0,0.8,0.9,0.09999999999999998,-0.013783290268498671,0.5782832377888296,0.5920665280573283,False,True,neutral,high,0.985889 0.00244377 0.00313787 0.00852961,0.999672 0.000203402 0.000108873 1.56846e-05,0.407606 0.0429613 0.0260573 0.523376,0.002474731009620564,31.064483619825562
openbook,Phi-3,8-257,1,Which of these is a hypothesis?,A hypothesis is a proposed explanation for a phenomenon or a scientific question that can be tested through experimentation or observation.,1.0,1.0,0.0,1.0,0.8,-0.19999999999999996,-0.022847634324345334,0.74126635123129,0.7641139855556354,False,True,neutral,high,0.974692 0.0178521 0.00579573 0.0016605,0.997539 0.00149974 0.000909638 5.13183e-05,0.233425 0.299724 0.233425 0.233425,0.00026058402014981493,6.830934860865248
openbook,Phi-3,8-257,10,Which of these is a hypothesis?,It describes a consistent and predictable phenomenon that has been observed and tested.,1.0,1.0,0.0,0.8,0.9,0.09999999999999998,-0.020492043950580907,0.11964777636764046,0.14013982031822136,False,False,neutral,neutral,0.974692 0.0178521 0.00579573 0.0016605,0.995184 0.00406709 0.000706754 4.24439e-05,0.855044 0.0546611 0.0701863 0.0201087,0.0005517763044414216,18.69202098442568
openbook,Phi-3,8-257,3,Which of these is a hypothesis?,"Option (A) ""The ice caps will completely melt if global warming continues"" is a hypothesis because it proposes a cause-and-effect relationship between global warming and the melting of ice caps, which can be tested through scientific research.",1.0,1.0,0.0,0.9,0.7,-0.20000000000000007,0.09295360117545692,0.8399768787359584,0.7470232775605015,False,True,neutral,high,0.974692 0.0178521 0.00579573 0.0016605,0.881738 0.0989283 0.014252 0.0050817,0.134715 0.222107 0.470201 0.172977,4.277285933697375e-05,4.8805148450947256
openbook,Phi-3,8-257,5,Which of these is a hypothesis?,"Option (B) ""The earth is round"" is not a hypothesis, but rather a well-established scientific fact that has been supported by various observations and experiments.",1.0,1.0,0.0,1.0,0.8,-0.19999999999999996,-0.01217014708748243,0.6586492560714106,0.670819403158893,False,False,neutral,high,0.974692 0.0178521 0.00579573 0.0016605,0.986862 0.00664942 0.00624655 0.000242205,0.316042 0.246134 0.246134 0.191689,3.1209733017744186e-05,13.857960418209542
openbook,Phi-3,8-257,7,Which of these is a hypothesis?,"Option (C) ""The earth revolves around the sun"" is also a well-established scientific fact, not a hypothesis.",1.0,1.0,0.0,1.0,0.9,-0.09999999999999998,-0.016807513398958807,0.8312374930471592,0.848045006446118,False,True,neutral,high,0.974692 0.0178521 0.00579573 0.0016605,0.991499 0.00805842 0.000376898 6.5495e-05,0.143454 0.344129 0.303693 0.208725,5.4323321136514e-06,12.486188845224254
openbook,Phi-3,8-257,9,Which of these is a hypothesis?,"Option (D) ""Gravity causes objects to fall"" is a scientific law, not a hypothesis.",1.0,1.0,0.0,1.0,0.7,-0.30000000000000004,0.0633862516011473,0.9598316924924555,0.8964454408913082,False,True,neutral,high,0.974692 0.0178521 0.00579573 0.0016605,0.911305 0.079629 0.00893412 0.000131484,0.01486 0.109801 0.492095 0.383244,0.0001634870717290505,19.756450720050264
openbook,Phi-3,8-343,1,"A person wants to start saving money so that they can afford a nice vacation at the end of the year. After looking over their budget and expenses, they decide the best way to save money is to",The person wants to save money for a vacation.,0.9999999999821675,1.0,1.7832513243831727e-11,0.8,0.9,0.09999999999999998,4.4168025160606916e-05,0.13565935753599723,0.13561518951083662,False,False,neutral,neutral,0.000430048 0.998387 0.000803435 0.000379516,0.000108728 0.998343 0.00116894 0.000379499,0.0202894 0.862728 0.0909308 0.0260521,8.485859350457735e-05,113.4050173301562
openbook,Phi-3,8-343,3,"A person wants to start saving money so that they can afford a nice vacation at the end of the year. After looking over their budget and expenses, they decide the best way to save money is to",They need to find a way to reduce their expenses.,1.0,1.0,0.0,0.9,0.9,0.0,0.0013100418814155912,0.22168126283658351,0.22037122095516792,False,False,neutral,neutral,0.000430048 0.998387 0.000803435 0.000379516,8.45703e-05 0.997077 0.00180819 0.00103028,0.0386699 0.776706 0.134971 0.0496531,5.1525821912536985e-05,95.13647539166328
openbook,Phi-3,8-343,5,"A person wants to start saving money so that they can afford a nice vacation at the end of the year. After looking over their budget and expenses, they decide the best way to save money is to","The options given are related to phone calls, eating lunch out, buying with monopoly money, and having lunch with friends.",1.0,1.0,0.0,0.9,0.9,0.0,0.003270421418196001,0.08247893951477325,0.07920851809657725,False,False,neutral,neutral,0.000430048 0.998387 0.000803435 0.000379516,1.51328e-05 0.995117 0.0046083 0.000259983,0.0130647 0.915908 0.0355136 0.0355136,1.0157005683381206e-05,220.07454028416518
openbook,Phi-3,8-378,1,"A woman sells bracelets that she makes. The bracelets gain popularity, and the woman makes incredibly large amounts of money from the sales. After a while, very few people are still buying the bracelets, so",The woman sells bracelets that she makes.,0.9999999999999816,1.0,1.84297022087776e-14,0.9,0.9,0.0,-0.006923228106867629,0.176839277175046,0.18376250528191362,False,False,neutral,neutral,0.00405043 0.00168847 0.00315448 0.991107,0.000708775 0.000230106 0.00103126 0.99803,0.0668391 0.0520544 0.0668391 0.814267,0.00012323942586018647,48.63342186785851
openbook,Phi-3,8-378,3,"A woman sells bracelets that she makes. The bracelets gain popularity, and the woman makes incredibly large amounts of money from the sales. After a while, very few people are still buying the bracelets, so","The bracelets gain popularity, and she makes a lot of money from the sales.",0.9999994956523375,1.0,5.043476625221643e-07,1.0,0.8,-0.19999999999999996,-0.0042024499514282665,0.27295172591063255,0.2771541758620608,False,False,neutral,moderate,0.00405043 0.00168847 0.00315448 0.991107,0.00132056 0.000202514 0.00316785 0.995309,0.160242 0.0459101 0.075693 0.718155,0.0002613388580445623,12.780586982909796
openbook,Phi-3,8-378,5,"A woman sells bracelets that she makes. The bracelets gain popularity, and the woman makes incredibly large amounts of money from the sales. After a while, very few people are still buying the bracelets, so","After a while, very few people are still buying the bracelets.",0.9999999999572221,1.0,4.2777892339529444e-11,1.0,0.8,-0.19999999999999996,-0.008423105807883968,0.07344470137827164,0.0818678071861556,False,False,neutral,neutral,0.00405043 0.00168847 0.00315448 0.991107,6.60254e-05 2.42894e-05 0.00037995 0.99953,0.027711 0.0190455 0.0355816 0.917662,5.818349898425932e-05,69.70537432357332
openbook,Phi-3,8-45,1,When would a nocturnal predator most likely hunt?,Nocturnal predators are active during the night.,0.9999999999861121,1.0,1.3887890837338546e-11,0.9,0.8,-0.09999999999999998,-0.007286094993040448,0.07811795057888882,0.08540404557192927,False,False,neutral,neutral,0.00589857 0.00131615 0.991987 0.000798285,0.00048774 0.000115849 0.999273 0.00012332,0.0275965 0.0130356 0.913869 0.0454989,0.0002033482505642348,29.28003042566961
openbook,Phi-3,8-45,3,When would a nocturnal predator most likely hunt?,The nighttime period typically starts around sunset and ends around sunrise.,1.0,1.0,0.0,1.0,0.8,-0.19999999999999996,-0.006720607218862806,0.07946505715601782,0.08618566437488062,False,False,neutral,neutral,0.00589857 0.00131615 0.991987 0.000798285,0.00103196 0.000158257 0.998708 0.000102178,0.0353823 0.0167134 0.912522 0.0353823,9.609308393158328e-05,92.62765734964971
openbook,Phi-3,8-45,5,When would a nocturnal predator most likely hunt?,Sunset and sunrise times vary depending on the location and time of year.,1.0,1.0,0.0,1.0,0.8,-0.19999999999999996,-0.007371342974306416,0.058588766265847414,0.06596010924015383,False,False,neutral,neutral,0.00589857 0.00131615 0.991987 0.000798285,0.000430466 0.000168573 0.999358 4.26219e-05,0.0361918 0.0133142 0.933398 0.0170958,0.0004879264243261114,39.680961778897085
openbook,Phi-3,8-45,7,When would a nocturnal predator most likely hunt?,"However, generally speaking, sunset occurs in the late afternoon and sunrise occurs in the early morning.",1.0,1.0,0.0,0.9,0.9,0.0,-0.005968057359102774,0.08522523898241396,0.09119329634151674,False,False,neutral,neutral,0.00589857 0.00131615 0.991987 0.000798285,0.00150036 0.000314494 0.997955 0.000230088,0.035159 0.0129343 0.906762 0.045145,0.0003801847716111953,14.744076065665713
openbook,Phi-3,8-45,9,When would a nocturnal predator most likely hunt?,"Therefore, the most likely time for a nocturnal predator to hunt would be during the nighttime period.",0.9999999999991122,1.0,8.878453527927377e-13,0.9,0.8,-0.09999999999999998,-0.00732470537744323,0.09670484419344516,0.10402954957088839,False,False,neutral,neutral,0.00589857 0.00131615 0.991987 0.000798285,0.000552704 9.02264e-05 0.999312 4.53687e-05,0.0572335 0.0127705 0.895282 0.0347139,0.00020338501108483386,23.171391294782723
openbook,Phi-3,8-466,0,What is the best way to guess a babies eye color?,(A) The surroundings they are born in: The environment where a baby is born does not have a direct impact on their eye color.,0.9999999999999764,1.0,2.3647750424515834e-14,0.9,0.7,-0.20000000000000007,-0.027015570683683987,0.18045592296988244,0.20747149365356643,False,False,neutral,neutral,0.00953015 0.00450172 0.0138663 0.972102,1.47262e-05 0.000158321 0.000709548 0.999117,0.0506082 0.0506082 0.107138 0.791646,0.0001569636857665462,79.99947394833231
openbook,Phi-3,8-466,1,What is the best way to guess a babies eye color?,"Eye color is determined by genetics, not the environment.",1.0,1.0,0.0,1.0,0.7,-0.30000000000000004,-0.027018540814016445,0.07288515547179952,0.09990369628581597,False,False,neutral,neutral,0.00953015 0.00450172 0.0138663 0.972102,6.59984e-05 0.000552598 0.000261029 0.99912,0.0348664 0.0211475 0.0447694 0.899217,0.00102364624378499,72.05558883493501
openbook,Phi-3,8-79,1,"A balloon is filled with helium for a party. After the party, the balloons are left in the living room, where a fireplace is heating the room. The balloons",Helium is a gas that expands when heated.,1.0,1.0,0.0,0.8,0.8,0.0,-0.13739863299376065,0.6126753805825272,0.7500740135762879,False,True,neutral,high,0.664475 0.0121703 0.313876 0.00947823,0.801874 0.0213692 0.157898 0.0188583,0.0518001 0.0190562 0.631055 0.298089,0.00660137335821993,37.205508499791435
openbook,Phi-3,8-79,3,"A balloon is filled with helium for a party. After the party, the balloons are left in the living room, where a fireplace is heating the room. The balloons",The living room is being heated by a fireplace.,0.9999999998682348,1.0,1.3176515434309977e-10,0.9,0.9,0.0,-0.11135250513662964,0.5761985204179658,0.6875510255545955,False,True,neutral,high,0.664475 0.0121703 0.313876 0.00947823,0.775828 0.0182457 0.19616 0.00976623,0.088277 0.0416991 0.837549 0.0324753,0.0038041188415833516,85.9387751853713
openbook,Phi-3,8-79,5,"A balloon is filled with helium for a party. After the party, the balloons are left in the living room, where a fireplace is heating the room. The balloons",The balloons are filled with helium.,0.9999999999981205,1.0,1.8794965583879275e-12,0.9,0.9,0.0,0.08590617983163107,0.59262739704279,0.5067212172111589,False,True,neutral,high,0.664475 0.0121703 0.313876 0.00947823,0.578569 0.0144842 0.241184 0.165763,0.0718481 0.0264314 0.875289 0.0264314,0.0011118044235236594,31.818313837087903
openbook,Phi-3,889,1,An animal that only eats plants is a,An animal that only eats plants is called a herbivore.,0.9999999999999064,1.0,9.35918009759007e-14,1.0,0.7,-0.30000000000000004,0.0007855018368334576,0.17246972835760277,0.1716842265207693,False,False,neutral,neutral,0.0241268 0.259388 0.705089 0.0113967,0.0397341 0.228654 0.704303 0.0273088,0.118843 0.152598 0.532619 0.19594,0.00016615603751631396,28.106824051331905
openbook,Phi-3,889,3,An animal that only eats plants is a,"Among the given options, a rat (A) and a pig (D) are omnivores, meaning they eat both plants and animals.",1.0,1.0,0.0,1.0,0.8,-0.19999999999999996,0.6726954872042239,-0.18875900891762454,-0.8614544961218484,True,False,high,neutral,0.0241268 0.259388 0.705089 0.0113967,0.0323933 0.0997785 0.0323933 0.835435,0.0269919 0.0346582 0.893848 0.0445021,7.788114459334524e-05,23.934799056309927
openbook,Phi-3,889,5,An animal that only eats plants is a,"A moth (B) is an insect and its diet can vary, but it is not exclusively herbivorous.",1.0,1.0,0.0,1.0,0.8,-0.19999999999999996,-0.10757216159450422,0.6824518122202331,0.7900239738147373,False,True,neutral,high,0.0241268 0.259388 0.705089 0.0113967,0.0168662 0.0458472 0.812661 0.124626,0.00648561 0.96255 0.022637 0.00832769,1.3190308434809747e-05,19.990390352872872
openbook,Phi-3,889,7,An animal that only eats plants is a,"A chimpanzee (C) is a primate and primarily eats fruits, leaves, and other plant materials, making it a herbivore.",1.0,1.0,0.0,0.9,0.8,-0.09999999999999998,0.24744876759328283,0.6559751044279597,0.4085263368346769,False,True,neutral,high,0.0241268 0.259388 0.705089 0.0113967,0.11571 0.403866 0.45764 0.0227846,0.0491137 0.768268 0.0491137 0.133505,0.00017882638833106518,15.431221275978316
openbook,Phi-3,9-1030,1,The viewing oriented sensor of a prairie creature are for what?,The question asks about the purpose of the viewing oriented sensor of a prairie creature.,0.9999999999999963,1.0,3.6637359812630166e-15,0.9,0.7,-0.20000000000000007,0.03515879652788145,0.5372480705940905,0.5020892740662091,False,True,neutral,high,0.00503468 0.0328302 0.95944 0.00269487,0.00354847 0.0712729 0.924281 0.000897194,0.12096 0.422192 0.422192 0.0346556,0.0002065100965695951,104.31448348412495
openbook,Phi-3,9-1030,3,The viewing oriented sensor of a prairie creature are for what?,The options given are related to different senses or functions.,1.0,1.0,0.0,1.0,0.8,-0.19999999999999996,0.7587697375302376,0.44769004617815167,-0.3110796913520859,True,False,high,moderate,0.00503468 0.0328302 0.95944 0.00269487,0.00502369 0.793667 0.20067 0.00063869,0.0889288 0.310392 0.51175 0.0889288,0.00023366416753611271,44.972121281505586
openbook,Phi-3,9-1030,5,The viewing oriented sensor of a prairie creature are for what?,We need to choose the option that best describes the purpose of a viewing oriented sensor.,1.0,1.0,0.0,0.9,0.7,-0.20000000000000007,-0.03933939265969111,0.6644048952219102,0.7037442878816013,False,True,neutral,high,0.00503468 0.0328302 0.95944 0.00269487,7.95821e-05 0.00103204 0.99878 0.000108776,0.295035 0.378833 0.295035 0.0310965,0.00029230689583484244,51.12953192389555
openbook,Phi-3,9-110,1,Mammals give birth to live,The question asks about mammals.,0.9999999586006229,1.0,4.139937714864317e-08,0.9,0.7,-0.20000000000000007,-0.00863149499968463,0.5062444239014228,0.5148759189011074,False,False,neutral,high,0.990887 0.00404953 0.0035737 0.00148974,0.999519 0.000335301 0.00012335 2.28175e-05,0.484643 0.17829 0.228929 0.108138,8.472294267017928e-05,59.65846071198542
openbook,Phi-3,9-110,11,Mammals give birth to live,"Fish are a class of animals, but they also lay eggs.",0.9999999999797932,1.0,2.0206836204295087e-11,1.0,0.9,-0.09999999999999998,-0.004845449925164003,0.08038906498563592,0.08523451491079992,False,False,neutral,neutral,0.990887 0.00404953 0.0035737 0.00148974,0.995732 0.0031692 0.000907991 0.000190325,0.910498 0.0274947 0.045331 0.0166764,0.0009117237925349485,25.037180755125952
openbook,Phi-3,9-110,13,Mammals give birth to live,"Insects are a class of animals, but they lay eggs as well.",0.9999999999999947,1.0,5.329070518200751e-15,1.0,0.7,-0.30000000000000004,-0.008156446539396844,0.14685351592989182,0.15500996246928866,False,False,neutral,neutral,0.990887 0.00404953 0.0035737 0.00148974,0.999043 0.000588192 0.000335142 3.31835e-05,0.844034 0.0539573 0.0692825 0.0327267,0.0008037148926988909,19.911501263437152
openbook,Phi-3,9-110,3,Mammals give birth to live,Mammals are a class of animals that give birth to live young.,1.0,1.0,0.0,1.0,0.7,-0.30000000000000004,-0.007324649668406957,0.5908176005653222,0.5981422502337291,False,False,neutral,high,0.990887 0.00404953 0.0035737 0.00148974,0.998212 0.00150075 0.000244991 4.2573e-05,0.400069 0.242654 0.242654 0.114622,0.000626020832623086,48.18334351291666
openbook,Phi-3,9-110,5,Mammals give birth to live,"The options given are children, birds, fish, and insects.",1.0,1.0,0.0,1.0,0.7,-0.30000000000000004,-0.00894529417369605,0.5442749308087806,0.5532202249824767,False,False,neutral,high,0.990887 0.00404953 0.0035737 0.00148974,0.999832 0.000123389 4.00586e-05 4.22214e-06,0.446612 0.127957 0.347822 0.0776095,1.4722468211939948e-05,32.587015991994384
openbook,Phi-3,9-110,7,Mammals give birth to live,"Children are young humans, not animals.",1.0,1.0,0.0,0.9,0.7,-0.20000000000000007,0.0016495063578185754,0.4321402688404695,0.43049076248265095,False,False,neutral,moderate,0.990887 0.00404953 0.0035737 0.00148974,0.989238 0.00588222 0.00356775 0.0013125,0.558747 0.160084 0.205551 0.0756182,0.00023078805247893713,48.418071402273654
openbook,Phi-3,9-110,9,Mammals give birth to live,"Birds are a class of animals, but they lay eggs.",1.0,1.0,0.0,1.0,0.9,-0.09999999999999998,0.0039805938817669695,0.2807871149682418,0.27680652108647485,False,False,neutral,moderate,0.990887 0.00404953 0.0035737 0.00148974,0.986906 0.0109635 0.00123008 0.000899942,0.7101 0.0961016 0.158445 0.0353538,0.000489902091690722,61.070898130348496
openbook,Phi-3,9-1102,1,Which is recyclable?,An elephant is a living animal and cannot be recycled.,1.0,1.0,0.0,0.9,0.7,-0.20000000000000007,-0.0008548572938901211,0.3054113021332985,0.3062661594271886,False,False,neutral,moderate,0.00116821 0.997719 0.000909802 0.000203004,6.59623e-05 0.998574 0.00132489 3.53071e-05,0.0936936 0.692308 0.120305 0.0936936,1.6705334552830148e-05,108.86665435131425
openbook,Phi-3,9-1102,3,Which is recyclable?,"A school notebook is made of paper, which is recyclable.",1.0,1.0,0.0,1.0,0.9,-0.09999999999999998,-0.002035112188015331,0.221013249249718,0.22304836143773332,False,False,neutral,neutral,0.00116821 0.997719 0.000909802 0.000203004,6.60403e-05 0.999754 0.000158422 2.14401e-05,0.0496531 0.776706 0.134971 0.0386699,0.00013975300141934633,54.15283085329088
openbook,Phi-3,9-1102,5,Which is recyclable?,"A boat is made of various materials, some of which may be recyclable, but as a whole, it is not typically recycled.",1.0,1.0,0.0,1.0,0.9,-0.09999999999999998,-0.0018649681060705081,0.06783716996369749,0.069702138069768,False,False,neutral,neutral,0.00116821 0.997719 0.000909802 0.000203004,0.000335323 0.999584 4.5381e-05 3.53428e-05,0.0170314 0.929882 0.0360554 0.0170314,0.00048778201195893696,67.61745423671466
openbook,Phi-3,9-1102,7,Which is recyclable?,A lake is a natural body of water and not a recyclable item.,1.0,1.0,0.0,1.0,0.8,-0.19999999999999996,0.0015256952293378756,0.335496192171967,0.33397049694262915,False,False,neutral,moderate,0.00116821 0.997719 0.000909802 0.000203004,0.000139309 0.996193 0.00359283 7.45669e-05,0.0329701 0.662223 0.115077 0.18973,7.496096375482424e-05,51.47896978172755
openbook,Phi-3,9-1139,1,The man's heart skipped a beat and he felt pain after touching which of these?,The man felt pain after touching something.,1.0,1.0,0.0,0.8,0.9,0.09999999999999998,0.2003183872791463,0.8789967928931101,0.6786784056139638,False,True,neutral,high,0.0360169 0.0218453 0.928888 0.0132499,0.152716 0.0465759 0.728569 0.0721381,0.0640614 0.105619 0.0498911 0.780428,0.0008507676330879675,25.231960530959146
openbook,Phi-3,9-1139,3,The man's heart skipped a beat and he felt pain after touching which of these?,The pain was related to his heart skipping a beat.,1.0,1.0,0.0,1.0,0.9,-0.09999999999999998,0.16351631521976906,0.748529692642218,0.585013377422449,False,True,neutral,high,0.0360169 0.0218453 0.928888 0.0132499,0.0489286 0.0149224 0.765372 0.170777,0.140463 0.29736 0.180358 0.381818,0.0005992294753116229,76.4308250240102
openbook,Phi-3,9-1180,1,Mosquitoes enjoy all the people at a BBQ in the summer for what reason?,Mosquitoes are known to be attracted to certain smells and substances.,1.0,1.0,0.0,1.0,0.7,-0.30000000000000004,0.6942492306113148,0.3342197486764177,-0.36002948193489714,True,False,high,moderate,0.00101972 0.986859 0.00967483 0.00244618,0.000725308 0.29261 0.701935 0.0047296,0.0883252 0.65264 0.145624 0.113412,0.002377601704485017,63.03162288412295
openbook,Phi-3,9-1180,3,Mosquitoes enjoy all the people at a BBQ in the summer for what reason?,"Among the given choices, blood is the only one that is known to attract mosquitoes.",1.0,1.0,0.0,0.9,0.7,-0.20000000000000007,0.05961914108199362,0.6009093395272833,0.5412901984452897,False,False,neutral,high,0.00101972 0.986859 0.00967483 0.00244618,0.00101991 0.92724 0.067169 0.00457091,0.0861171 0.38595 0.38595 0.141983,0.00033136816866375545,75.53371478286775
openbook,Phi-3,9-1180,5,Mosquitoes enjoy all the people at a BBQ in the summer for what reason?,"Steak, nice weather, and taking food are not directly related to mosquito attraction.",1.0,1.0,0.0,0.9,0.8,-0.09999999999999998,-0.011722426707154732,0.6158701359507517,0.6275925626579064,False,False,neutral,high,0.00101972 0.986859 0.00967483 0.00244618,5.8212e-05 0.998582 0.00116922 0.00019087,0.0827789 0.370989 0.175243 0.370989,0.00022974131044317328,22.63178065933167
openbook,Phi-3,9-159,1,"The Grand Canyon is massive, with large, high peaks and very deep lows, which was formed when",The Grand Canyon is a large natural formation with high peaks and deep valleys.,1.0,1.0,0.0,0.9,0.6,-0.30000000000000004,-0.004492006179322883,0.17682456735688523,0.18131657353620811,False,False,neutral,neutral,0.0031657 0.000706363 0.994633 0.00149537,0.000379796 0.000379796 0.999125 0.000115831,0.0522807 0.019233 0.817808 0.110678,0.00033513731714164606,47.16216202584021
openbook,Phi-3,9-159,3,"The Grand Canyon is massive, with large, high peaks and very deep lows, which was formed when",The formation of such geological features is typically due to the process of weathering and erosion.,1.0,1.0,0.0,1.0,0.9,-0.09999999999999998,0.11599768723050785,0.28615421366108007,0.17015652643057222,False,False,neutral,moderate,0.0031657 0.000706363 0.994633 0.00149537,0.11891 0.00217792 0.878635 0.000276891,0.123115 0.0452915 0.708478 0.123115,0.0009719192452776831,19.582157306175294
openbook,Phi-3,9-159,5,"The Grand Canyon is massive, with large, high peaks and very deep lows, which was formed when","Weathering refers to the breaking down of rocks and minerals on Earth's surface, while erosion involves the movement of these weathered materials by natural forces like water, wind, or ice.",1.0,1.0,0.0,1.0,0.9,-0.09999999999999998,0.011727993640574974,0.028120468580345226,0.016392474939770252,False,False,neutral,neutral,0.0031657 0.000706363 0.994633 0.00149537,0.0149246 0.00189745 0.982905 0.000273354,0.0227302 0.00239574 0.966512 0.00836197,0.00010994602518072631,9.5256539121211
openbook,Phi-3,9-159,7,"The Grand Canyon is massive, with large, high peaks and very deep lows, which was formed when","In the case of the Grand Canyon, the primary force responsible for its formation is the Colorado River, which has been eroding the rock layers over millions of years.",1.0,1.0,0.0,0.9,0.9,0.0,-0.0009556761442440775,0.058284887700612575,0.05924056384485665,False,False,neutral,neutral,0.0031657 0.000706363 0.994633 0.00149537,0.000907859 0.00337311 0.995588 0.000130789,0.0220208 0.0133563 0.936348 0.0282752,0.0004309915138670169,11.800488207678253
openbook,Phi-3,9-229,1,A bat flew through the sky without hitting anything due to which of these?,A bat flies through the sky.,1.0,1.0,0.0,1.0,0.7,-0.30000000000000004,0.1384434263839076,0.28503955246574153,0.14659612608183392,False,False,neutral,moderate,0.158759 0.0312615 0.00373366 0.806246,0.315447 0.0130201 0.00373031 0.667802,0.2462 0.116297 0.116297 0.521206,0.0005074605033933001,23.21812044051452
openbook,Phi-3,9-229,3,A bat flew through the sky without hitting anything due to which of these?,It doesn't hit anything.,0.9999999999998799,0.9999999999994615,-4.18332035678759e-13,1.0,0.9,-0.09999999999999998,-0.1925471769855469,0.510202054137115,0.7027492311226619,False,True,neutral,high,0.158759 0.0312615 0.00373366 0.806246,0.000518947 0.00045797 0.000230282 0.998793,0.553082 0.0848179 0.0660563 0.296044,6.872626012142176e-05,9.566753731216085
openbook,Phi-3,9-29,0,What could be a positive aspect of a tree being cut down?,"(A) The plants that were under the tree will have access to more light - This is a positive aspect because the removal of the tree can allow more sunlight to reach the plants, which can promote their growth.",1.0,1.0,0.0,0.8,0.8,0.0,0.9785522358350689,0.9570703238594439,-0.02148191197562499,True,True,high,high,0.979008 0.0123239 0.00513736 0.00353085,0.000455655 0.00521469 0.993745 0.000585072,0.0219376 0.017085 0.932809 0.0281684,0.00029318242666729103,154.57118534965946
openbook,Phi-3,9-30,1,Which animal is considered a predator?,A predator is an animal that hunts and kills other animals for food.,1.0,1.0,0.0,1.0,0.8,-0.19999999999999996,-0.0007596110402189327,0.073311183832657,0.07407079487287593,False,False,neutral,neutral,0.000203306 0.9992 0.000335194 0.00026105,3.28863e-06 0.99996 2.58671e-05 1.0783e-05,0.00623859 0.925889 0.0460973 0.0217748,0.00013982264330697353,177.79848661860868
openbook,Phi-3,9-30,3,Which animal is considered a predator?,Ants are generally not predators; they are omnivores and scavengers.,1.0,1.0,0.0,0.9,0.9,0.0,0.0006098867758622672,0.05695955844415368,0.05634967166829141,False,False,neutral,neutral,0.000203306 0.9992 0.000335194 0.00026105,6.59634e-05 0.998591 0.00109839 0.000245084,0.0134403 0.942241 0.0221594 0.0221594,0.000553297079094901,139.21888243364506
openbook,Phi-3,9-30,5,Which animal is considered a predator?,Elephants are herbivores and do not hunt other animals.,1.0,1.0,0.0,0.9,0.7,-0.20000000000000007,0.0005208567364305416,0.7490646221468062,0.7485437654103757,False,True,neutral,high,0.000203306 0.9992 0.000335194 0.00026105,5.82177e-05 0.99868 0.00103193 0.000230255,0.0141117 0.250136 0.67994 0.0558128,0.0008051336641423549,89.20726842594081
openbook,Phi-3,9-30,7,Which animal is considered a predator?,Giraffes are also herbivores and do not hunt other animals.,1.0,1.0,0.0,0.8,0.7,-0.10000000000000009,0.0017280288886150075,0.05056109231801231,0.048833063429397305,False,False,neutral,neutral,0.000203306 0.9992 0.000335194 0.00026105,0.00011564 0.997472 0.00218196 0.000229977,0.00639188 0.948639 0.0252804 0.0196884,0.0004887293969553971,110.46641289411505
openbook,Phi-3,9-30,9,Which animal is considered a predator?,Snakes are carnivorous and hunt other animals for food.,1.0,1.0,0.0,0.8,0.7,-0.10000000000000009,-0.0006717732010029787,0.30379187143451447,0.30446364463551745,False,False,neutral,moderate,0.000203306 0.9992 0.000335194 0.00026105,2.28256e-05 0.999872 8.48074e-05 2.01435e-05,0.0112402 0.695409 0.199238 0.0941133,0.004630280924614855,27.081223067777888
openbook,Phi-3,9-368,1,Birds carrying away fruit helps the tree,Birds carrying away fruit means that birds are eating the fruit.,0.9999999999999996,1.0,4.440892098500626e-16,0.9,0.6,-0.30000000000000004,-0.07108305746093768,0.4987776176113753,0.569860675072313,False,False,neutral,moderate,0.825009 0.162454 0.00916503 0.00337162,0.896092 0.0833496 0.0185978 0.00196019,0.326232 0.326232 0.25407 0.093467,0.0021843285357258397,13.960108958833468
openbook,Phi-3,9-368,3,Birds carrying away fruit helps the tree,"When birds eat fruit, they help in the process of seed dispersal.",1.0,1.0,0.0,1.0,0.7,-0.30000000000000004,0.8218368631257378,0.49189045557136435,-0.32994640755437343,True,False,high,moderate,0.825009 0.162454 0.00916503 0.00337162,0.0031725 0.996771 3.52433e-05 2.13762e-05,0.333119 0.333119 0.259433 0.0743289,9.437721869382905e-05,24.24982151788195
openbook,Phi-3,9-368,5,Birds carrying away fruit helps the tree,Seed dispersal is important for the growth and reproduction of trees.,1.0,1.0,0.0,1.0,0.7,-0.30000000000000004,0.07338954020272026,0.7154180976567741,0.6420285574540538,False,True,neutral,high,0.825009 0.162454 0.00916503 0.00337162,0.75162 0.0792201 0.167709 0.00145097,0.109591 0.809776 0.0403164 0.0403164,0.002626748832339008,23.494970716113375
openbook,Phi-3,9-368,7,Birds carrying away fruit helps the tree,"Therefore, birds carrying away fruit helps the tree to grow.",1.0,1.0,0.0,1.0,0.7,-0.30000000000000004,-0.1747139307436828,0.6654979481984241,0.8402118789421069,False,True,neutral,high,0.825009 0.162454 0.00916503 0.00337162,0.999723 0.000203412 7.02973e-05 2.99362e-06,0.159511 0.55675 0.124228 0.159511,7.19270904776776e-07,34.78136047710489
openbook,Phi-3,9-44,1,"There are various creatures that live in forests, such as",We are looking for creatures that live in forests.,0.9999999999915765,1.0,8.423484132435988e-12,0.9,0.7,-0.20000000000000007,-0.0032449935884548697,0.4551764102351876,0.4584214038236425,False,False,neutral,moderate,0.000486395 0.0014982 0.996517 0.0014982,1.83389e-05 0.00012338 0.999762 9.60888e-05,0.0570569 0.0732625 0.541341 0.32834,2.1429050505131626e-05,105.52297369407543
openbook,Phi-3,9-44,3,"There are various creatures that live in forests, such as","Forests are typically characterized by trees, plants, and animals adapted to a wooded environment.",1.0,1.0,0.0,0.9,0.8,-0.09999999999999998,0.03240334269112144,0.090968622802308,0.05856528011118656,False,False,neutral,neutral,0.000486395 0.0014982 0.996517 0.0014982,0.00347714 0.0273498 0.964114 0.0050592,0.0100597 0.0100597 0.905549 0.074332,0.0001589367281387126,80.57101128509724
openbook,Phi-3,9-44,5,"There are various creatures that live in forests, such as",We can eliminate options that are not associated with forests:    (A) Giant fish - Fish are aquatic creatures and do not live in forests.,1.0,1.0,0.0,1.0,0.7,-0.30000000000000004,0.00043453018167460833,0.08601923147226054,0.08558470129058593,False,False,neutral,neutral,0.000486395 0.0014982 0.996517 0.0014982,0.000202671 0.00132158 0.996083 0.00239308,0.0166764 0.0274947 0.910498 0.045331,3.2910950233342235e-06,76.1727734109491
openbook,Phi-3,9-44,6,"There are various creatures that live in forests, such as",(B) Enormous crabs - Crabs are marine animals and do not live in forests.,1.0,1.0,0.0,1.0,0.8,-0.19999999999999996,0.1202785462243312,0.21292168177574422,0.09264313555141301,False,False,neutral,neutral,0.000486395 0.0014982 0.996517 0.0014982,0.0193586 0.0983113 0.876239 0.00609146,0.0111774 0.174844 0.783596 0.0303833,3.492766702844594e-05,33.39860502954342
openbook,Phi-3,9-44,7,"There are various creatures that live in forests, such as",(D) Desert jackals - Jackals are desert animals and do not live in forests.,1.0,1.0,0.0,1.0,0.8,-0.19999999999999996,0.0018041486587170308,0.7764495844512285,0.7746454357925114,False,True,neutral,high,0.000486395 0.0014982 0.996517 0.0014982,0.000950592 0.00394009 0.994713 0.000396266,0.00517549 0.00664547 0.220068 0.768111,4.4996464943410845e-06,107.20065842005876
openbook,Phi-3,9-44,9,"There are various creatures that live in forests, such as",The remaining option is (C) Whitetails - Whitetails are deer species that are commonly found in forested areas.,1.0,1.0,0.0,1.0,0.8,-0.19999999999999996,-0.0026382956469495067,0.8380724868119651,0.8407107824589146,False,True,neutral,high,0.000486395 0.0014982 0.996517 0.0014982,0.000223278 0.000241421 0.999155 0.000379808,0.0353538 0.0961016 0.158445 0.7101,3.6884210667710086e-07,71.43519399640138
openbook,Phi-3,9-519,1,The boy was able to warm the fireplace without a lighter thanks to what?,The question asks how the boy was able to warm the fireplace without a lighter.,0.9999999999991122,1.0,8.878453527927377e-13,0.9,0.7,-0.20000000000000007,-0.014260879778061564,0.6755206521716732,0.6897815319497348,False,True,neutral,high,0.982416 0.0140134 0.00189651 0.00167366,0.996677 0.00247052 0.000517848 0.000334348,0.306896 0.394062 0.112901 0.186142,0.00017892034145203662,155.74513909708932
openbook,Phi-3,9-519,11,The boy was able to warm the fireplace without a lighter thanks to what?,Option (D) magic: Magic is not a realistic or scientific method to warm a fireplace.,1.0,1.0,0.0,0.9,0.8,-0.09999999999999998,0.027393329758917728,0.9295808791843649,0.9021875494254472,False,True,neutral,high,0.982416 0.0140134 0.00189651 0.00167366,0.955023 0.0419608 0.0020891 0.000927035,0.0528355 0.0678422 0.0528355 0.826487,5.888103446581834e-05,18.994950231039063
openbook,Phi-3,9-519,3,The boy was able to warm the fireplace without a lighter thanks to what?,We need to choose the most appropriate answer from the given options.,1.0,1.0,0.0,0.9,0.8,-0.09999999999999998,-0.015762586225047226,0.15958766536095148,0.1753502515859987,False,False,neutral,neutral,0.982416 0.0140134 0.00189651 0.00167366,0.998179 0.00140978 0.000295506 0.000115722,0.822829 0.111358 0.0409662 0.0248473,2.7442718887917544e-05,14.481629610687753
openbook,Phi-3,9-519,5,The boy was able to warm the fireplace without a lighter thanks to what?,Option (A) friction: Friction can generate heat when two objects rub against each other.,1.0,1.0,0.0,0.9,0.7,-0.20000000000000007,-0.010583441615027223,0.8821359438318808,0.892719385446908,False,True,neutral,high,0.982416 0.0140134 0.00189651 0.00167366,0.993 0.00628541 0.000312932 0.000401813,0.10028 0.10028 0.350013 0.449426,1.1473836658305504e-05,39.35850610845202
openbook,Phi-3,9-519,7,The boy was able to warm the fireplace without a lighter thanks to what?,Option (B) metal: Metal is a material and not a method to warm a fireplace.,1.0,1.0,0.0,1.0,0.7,-0.30000000000000004,-0.017200083882748185,0.8695157734426264,0.8867158573253746,False,True,neutral,high,0.982416 0.0140134 0.00189651 0.00167366,0.999616 0.000315017 2.58582e-05 4.26329e-05,0.112901 0.394062 0.186142 0.306896,6.12171475102722e-06,42.87868246012734
openbook,Phi-3,9-519,9,The boy was able to warm the fireplace without a lighter thanks to what?,Option (C) wishing: Wishing is not a practical way to warm a fireplace.,1.0,1.0,0.0,1.0,0.8,-0.19999999999999996,0.005888574651341516,0.8710426038128498,0.8651540291615083,False,True,neutral,high,0.982416 0.0140134 0.00189651 0.00167366,0.976528 0.0229657 0.000307741 0.000198693,0.111374 0.086738 0.499143 0.302745,9.620703889865027e-05,15.676493740872424
openbook,Phi-3,9-637,1,Where would a duck like to live?,"Ducks are waterfowl, which means they are adapted to live in or near water.",1.0,1.0,0.0,1.0,0.8,-0.19999999999999996,-0.0029467324814670404,0.10627769212973837,0.1092244246112054,False,False,neutral,neutral,0.00581985 0.0139611 0.978748 0.00147149,0.00189512 0.0158676 0.981694 0.00054296,0.0557751 0.0557751 0.87247 0.0159798,0.00023096104801974978,19.64850134281484
openbook,Phi-3,9-637,3,Where would a duck like to live?,"The Sahara is a desert, which is not suitable for ducks as it lacks water.",1.0,1.0,0.0,1.0,0.8,-0.19999999999999996,0.05280391147153507,0.13307134804611953,0.08026743657458446,False,False,neutral,neutral,0.00581985 0.0139611 0.978748 0.00147149,0.0169593 0.0522382 0.925944 0.00485891,0.0694173 0.0694173 0.845676 0.0154891,0.00038467666446749874,11.988237223770307
openbook,Phi-3,9-637,5,Where would a duck like to live?,Antarctica is a frozen continent with no suitable water sources for ducks.,1.0,1.0,0.0,0.9,0.9,0.0,0.0064820254531134935,0.3181985935696735,0.31171656811656,False,False,neutral,moderate,0.00581985 0.0139611 0.978748 0.00147149,0.00655107 0.0201787 0.972266 0.00100464,0.0542212 0.243002 0.660549 0.0422275,0.01831318211893162,9.536614603246447
openbook,Phi-3,9-637,7,Where would a duck like to live?,"The Appalachian mountains have rivers, lakes, and wetlands, which provide a suitable habitat for ducks.",1.0,1.0,0.0,0.9,0.8,-0.09999999999999998,0.13265779804501054,0.3595656234326441,0.22690782538763354,False,False,neutral,moderate,0.00581985 0.0139611 0.978748 0.00147149,0.00185081 0.00503103 0.84609 0.147028,0.177399 0.138158 0.619182 0.0652613,0.0012695673947264114,7.419171912921891
openbook,Phi-3,9-637,9,Where would a duck like to live?,"Death Valley is a desert, which is not suitable for ducks as it lacks water.",1.0,1.0,0.0,1.0,0.9,-0.09999999999999998,-0.0013770364518856937,0.6571007571973424,0.6584777936492281,False,True,neutral,high,0.00581985 0.0139611 0.978748 0.00147149,0.0102285 0.0096088 0.980125 3.80608e-05,0.0558938 0.0921534 0.321647 0.530306,0.00012397238713314192,20.064734529487147
sqa,LLaMA-3-3B,00dc05718aedf2370213,1,Did either Kublai Khan or his grandfather practice monogamy?,**Understanding Monogamy**: Monogamy is the practice of being married to only one person at a time.,1.0,1.0,0.0,1.0,1.0,0.0,0.12588209163478992,-0.023853470893401285,-0.1497355625281912,False,False,neutral,neutral,0.119203 0.880797,0.245085 0.754915,0.0953495 0.904651,1.0135723821621527,0.8839617588077052
sqa,LLaMA-3-3B,00dc05718aedf2370213,10,Did either Kublai Khan or his grandfather practice monogamy?,**Considering the Question**: The question asks if either Kublai Khan or his grandfather (Genghis Khan) practiced monogamy.,0.9999999748900085,1.0,2.5109991530491982e-08,1.0,1.0,0.0,-0.11329185754391291,0.04531352921419751,0.15860538675811042,False,False,neutral,neutral,0.119203 0.880797,0.00591107 0.994089,0.164516 0.835484,1.0117000242443948,0.9134977943249432
sqa,LLaMA-3-3B,00dc05718aedf2370213,11,Did either Kublai Khan or his grandfather practice monogamy?,"Given the historical context and the known practices of Mongol emperors, it's unlikely that either of them practiced monogamy.",1.0,1.0,0.0,0.9,0.9,0.0,-0.07177705507563337,0.02884426631872461,0.10062132139435798,False,False,neutral,neutral,0.119203 0.880797,0.0474259 0.952574,0.148047 0.851953,0.9946704696238682,0.923598743016173
sqa,LLaMA-3-3B,00dc05718aedf2370213,2,Did either Kublai Khan or his grandfather practice monogamy?,It's a common practice in many cultures around the world today.,1.0,0.9999999999999993,-6.661338147750939e-16,1.0,1.0,0.0,-0.11817069485931053,-0.11364800065938974,0.004522694199920796,False,False,neutral,neutral,0.119203 0.880797,0.00103223 0.998968,0.00555493 0.994445,1.025624092234846,1.003262891293518
sqa,LLaMA-3-3B,00dc05718aedf2370213,4,Did either Kublai Khan or his grandfather practice monogamy?,**Historical Context of Kublai Khan**: Kublai Khan was a Mongol emperor who ruled from 1260 to 1294.,1.0,1.0,0.0,0.8,0.9,0.09999999999999998,0.20161838193805537,0.175012048607731,-0.02660633333032436,False,False,neutral,neutral,0.119203 0.880797,0.320821 0.679179,0.294215 0.705785,0.9746826923264875,0.9375632804174382
sqa,LLaMA-3-3B,00dc05718aedf2370213,5,Did either Kublai Khan or his grandfather practice monogamy?,"He was the grandson of Genghis Khan, the founder of the Mongol Empire.",1.0,1.0,0.0,0.9,1.0,0.09999999999999998,0.0826102914069553,0.013761318281430679,-0.06884897312552463,False,False,neutral,neutral,0.119203 0.880797,0.201813 0.798187,0.132964 0.867036,1.011864746875483,0.9598826375518862
sqa,LLaMA-3-3B,00dc05718aedf2370213,7,Did either Kublai Khan or his grandfather practice monogamy?,**Research on Kublai Khan's Marriages**: There is historical evidence suggesting that Kublai Khan had multiple wives and concubines.,1.0,1.0,0.0,1.0,0.9,-0.09999999999999998,0.20161838892567652,0.25833774569186896,0.05671935676619244,False,False,neutral,moderate,0.119203 0.880797,0.320821 0.679179,0.377541 0.622459,0.9927725938727279,0.9496186179097401
sqa,LLaMA-3-3B,00dc05718aedf2370213,8,Did either Kublai Khan or his grandfather practice monogamy?,This practice was common among Mongol emperors and nobles.,1.0,1.0,0.0,0.9,0.9,0.0,0.2294422312992791,-0.03410388091986616,-0.26354611221914526,False,False,neutral,neutral,0.119203 0.880797,0.348645 0.651355,0.085099 0.914901,1.015692196784881,0.9693595993666105
sqa,LLaMA-3-3B,06f7878425a995c2a633,1,Should spaghetti be slick when cooked?,Spaghetti is a type of pasta.,1.0,0.9999999999999901,-9.880984919163893e-15,0.8,0.9,0.09999999999999998,0.5233595025651074,0.16621962557933456,-0.3571398769857729,True,False,high,neutral,0.182426 0.817574,0.705785 0.294215,0.348645 0.651355,0.9927178421577724,0.8840163461543818
sqa,LLaMA-3-3B,06f7878425a995c2a633,3,Should spaghetti be slick when cooked?,Pasta is typically cooked in boiling water.,1.0,0.9999999999999999,-1.1102230246251565e-16,0.8,0.9,0.09999999999999998,0.28636509612846617,0.4400338032726241,0.15366870714415792,False,True,moderate,moderate,0.182426 0.817574,0.468791 0.531209,0.622459 0.377541,1.0011963094386092,0.9238639859815078
sqa,LLaMA-3-3B,06f7878425a995c2a633,5,Should spaghetti be slick when cooked?,"When pasta is cooked, it absorbs water and swells.",1.0,1.0,0.0,1.0,1.0,0.0,-0.16209317386092092,0.04027461499124607,0.202367788852167,False,False,neutral,neutral,0.182426 0.817574,0.0203324 0.979668,0.2227 0.7773,0.9953395092488764,0.9246632220515556
sqa,LLaMA-3-3B,06f7878425a995c2a633,7,Should spaghetti be slick when cooked?,The absorbed water makes the pasta slippery.,1.0,0.9999999979388464,-2.0611535811454473e-09,1.0,0.9,-0.09999999999999998,-0.1772054016962471,0.41024106723188064,0.5874464689281278,False,True,neutral,moderate,0.182426 0.817574,0.00522013 0.99478,0.592667 0.407333,1.0078305584034155,0.9531416836106571
sqa,LLaMA-3-3B,136496e0b5e8bed459da,1,Would it be impossible to use an Iwato scale for a twelve-tone technique composition?,"An Iwato scale is a type of scale used in music composition, particularly in twelve-tone technique.",1.0,1.0,0.0,1.0,1.0,0.0,0.05818369093315934,0.3042741809416939,0.24609049000853456,False,False,neutral,moderate,0.164516 0.835484,0.2227 0.7773,0.468791 0.531209,0.9901496349539431,0.9005306292778039
sqa,LLaMA-3-3B,136496e0b5e8bed459da,3,Would it be impossible to use an Iwato scale for a twelve-tone technique composition?,The Iwato scale is a specific set of notes that can be used as a basis for composition.,1.0,1.0,0.0,1.0,1.0,0.0,0.1044249792230707,0.15630485208471445,0.05187987286164375,False,False,neutral,neutral,0.164516 0.835484,0.268941 0.731059,0.320821 0.679179,0.9956376348777379,0.9554389604348119
sqa,LLaMA-3-3B,136496e0b5e8bed459da,5,Would it be impossible to use an Iwato scale for a twelve-tone technique composition?,The twelve-tone technique is a method of composition that involves using a fixed set of notes in a specific order.,1.0,1.0,0.0,0.8,1.0,0.19999999999999996,0.42815015322162997,0.03729677270318521,-0.39085338051844476,True,False,moderate,neutral,0.164516 0.835484,0.592667 0.407333,0.201813 0.798187,0.9916307357950994,0.9795147973554895
sqa,LLaMA-3-3B,136496e0b5e8bed459da,7,Would it be impossible to use an Iwato scale for a twelve-tone technique composition?,"The key to the twelve-tone technique is the use of a fixed set of notes, which can be any set of notes, including the Iwato scale.",1.0,1.0,0.0,0.8,1.0,0.19999999999999996,0.5412685737004577,0.2130242159918364,-0.32824435770862126,True,False,high,neutral,0.164516 0.835484,0.705785 0.294215,0.377541 0.622459,1.0020452429505706,0.9248042229935208
sqa,LLaMA-3-3B,136496e0b5e8bed459da,9,Would it be impossible to use an Iwato scale for a twelve-tone technique composition?,"Therefore, it would not be impossible to use an Iwato scale for a twelve-tone technique composition.",0.9999999983947719,0.9999999999969011,1.6021292070789173e-09,0.8,0.9,0.09999999999999998,0.7679368535396094,0.5412685715112052,-0.22666828202840417,True,True,high,high,0.164516 0.835484,0.932453 0.0675467,0.705785 0.294215,1.0206236768132355,0.8810646712501178
sqa,LLaMA-3-3B,1f550df826ae448ff082,0,Has the Subway restaurant franchise had any connections with child abusers?,Step 1:  We need to determine if there have been any credible allegations or evidence linking Subway to child abusers.,1.0,1.0,0.0,0.8,0.8,0.0,0.7524423708251128,0.004220227485889905,-0.7482221433392229,True,False,high,neutral,0.00247262 0.997527,0.754915 0.245085,0.00669285 0.993307,0.9972864429444508,0.9482614846670083
sqa,LLaMA-3-3B,1f550df826ae448ff082,1,Has the Subway restaurant franchise had any connections with child abusers?,Step 2:  We can't find any information that directly links Subway to child abusers.,1.0,1.0,0.0,0.8,0.8,0.0,0.8783244550310434,0.6199867096306995,-0.25833774540034393,True,True,high,high,0.00247262 0.997527,0.880797 0.119203,0.622459 0.377541,0.9969314707564554,0.9540495282235572
sqa,LLaMA-3-3B,1f550df826ae448ff082,2,Has the Subway restaurant franchise had any connections with child abusers?,Step 3:  We can't find any credible information that suggests Subway has had any connections with child abusers.,1.0,0.9999999999999992,-7.771561172376096e-16,0.8,0.8,0.0,0.9021779158263734,0.06507407206848981,-0.8371038437578836,True,False,high,neutral,0.00247262 0.997527,0.904651 0.0953495,0.0675467 0.932453,0.9987466825874576,0.9754168683135576
sqa,LLaMA-3-3B,24f0e80c50384b28484e,1,Does Neville Longbottom have more courage as a child than as an adult?,"Courage is a quality that can be observed in various aspects of a person's life, including their childhood and adulthood.",1.0,1.0,0.0,1.0,1.0,0.0,-0.15998597455469243,0.16224838066494707,0.3222343552196395,False,False,neutral,neutral,0.754915 0.245085,0.914901 0.085099,0.592667 0.407333,1.0208472726126736,0.9475385564707748
sqa,LLaMA-3-3B,24f0e80c50384b28484e,11,Does Neville Longbottom have more courage as a child than as an adult?,"Considering the context of the series, Neville's childhood was marked by the loss of his parents and his subsequent isolation, which could have potentially made him more cautious or fearful.",1.0,1.0,0.0,1.0,0.9,-0.09999999999999998,-6.759566129055372e-09,-1.536645477528964e-09,5.222920651526408e-09,False,False,neutral,neutral,0.754915 0.245085,0.754915 0.245085,0.754915 0.245085,0.967914666285514,0.9679576743338268
sqa,LLaMA-3-3B,24f0e80c50384b28484e,13,Does Neville Longbottom have more courage as a child than as an adult?,"However, Neville's courage as a child is often depicted as being more pronounced, as he is willing to stand up to Draco Malfoy and other bullies, even when faced with danger.",1.0,1.0,0.0,1.0,1.0,0.0,0.22370562947110628,0.3170914885982915,0.09338585912718522,False,True,neutral,moderate,0.754915 0.245085,0.531209 0.468791,0.437823 0.562177,0.9805931913338202,0.9326024451252303
sqa,LLaMA-3-3B,24f0e80c50384b28484e,15,Does Neville Longbottom have more courage as a child than as an adult?,"This suggests that Neville's childhood experiences may have actually helped him develop his courage, rather than hindering it.",1.0,1.0,0.0,1.0,1.0,0.0,0.6873682913212871,0.07573629491839873,-0.6116319964028883,True,False,high,neutral,0.754915 0.245085,0.0675467 0.932453,0.679179 0.320821,0.9401018130719829,0.9963247223191627
sqa,LLaMA-3-3B,24f0e80c50384b28484e,17,Does Neville Longbottom have more courage as a child than as an adult?,"Therefore, it can be argued that Neville Longbottom has more courage as a child than as an adult, based on his willingness to take risks and stand up for himself and others.",1.0,0.9999999999999999,-1.1102230246251565e-16,1.0,1.0,0.0,-0.16922683890769252,0.4340936852558508,0.6033205241635433,False,True,neutral,moderate,0.754915 0.245085,0.924142 0.0758582,0.320821 0.679179,1.014449603813955,0.939963179364011
sqa,LLaMA-3-3B,24f0e80c50384b28484e,3,Does Neville Longbottom have more courage as a child than as an adult?,"Neville Longbottom, as a character in the Harry Potter series, is known for his bravery and willingness to risk himself to protect others.",1.0,1.0,0.0,0.9,1.0,0.09999999999999998,0.023856428888451853,0.19273848558899487,0.16888205670054302,False,False,neutral,neutral,0.754915 0.245085,0.731059 0.268941,0.562176 0.437824,0.9955835594567316,0.8923555929888262
sqa,LLaMA-3-3B,24f0e80c50384b28484e,5,Does Neville Longbottom have more courage as a child than as an adult?,"In the series, Neville's courage is often highlighted, particularly in his early years at Hogwarts School of Witchcraft and Wizardry.",1.0,1.0,0.0,1.0,1.0,0.0,0.4340936741568354,0.10356012277971971,-0.3305335513771157,True,False,moderate,neutral,0.754915 0.245085,0.320821 0.679179,0.651355 0.348645,0.9632769956429821,0.9633501123818337
sqa,LLaMA-3-3B,24f0e80c50384b28484e,7,Does Neville Longbottom have more courage as a child than as an adult?,"As an adult, Neville becomes an important member of the Order of the Phoenix and plays a significant role in the fight against Voldemort.",1.0,1.0,0.0,0.9,1.0,0.09999999999999998,0.04912996898965116,4.269109510346425e-10,-0.04912996856274021,False,False,neutral,neutral,0.754915 0.245085,0.705785 0.294215,0.754915 0.245085,0.9952210324823252,0.967367238327281
sqa,LLaMA-3-3B,24f0e80c50384b28484e,9,Does Neville Longbottom have more courage as a child than as an adult?,"While Neville's courage as an adult is admirable, it is worth considering whether his childhood experiences and personality traits contributed to his overall courage.",1.0,1.0,0.0,1.0,1.0,0.0,3.776885137973807e-09,-0.09703783152225898,-0.09703783529914412,False,False,neutral,neutral,0.754915 0.245085,0.754915 0.245085,0.851953 0.148047,1.0024192562101926,0.9914824042825623
sqa,LLaMA-3-3B,2c71a9a0b7d73c151442,0,Did Native American tribes teach Spaniards how to cultivate maize?,Step 1:  We know that maize (corn) is a staple crop in many Native American communities.,1.0,1.0,0.0,0.9,0.9,0.0,-1.943598493259202e-08,0.11311842080644763,0.11311844024243256,False,False,neutral,neutral,0.705785 0.294215,0.705785 0.294215,0.592667 0.407333,1.0056593316968638,0.8684866293671075
sqa,LLaMA-3-3B,2c71a9a0b7d73c151442,1,Did Native American tribes teach Spaniards how to cultivate maize?,Step 2:  The Spanish conquest of the Aztec Empire in the 16th century introduced maize to Europe.,1.0,1.0,0.0,0.8,1.0,0.19999999999999996,-0.2817833282702179,0.3282443464496111,0.610027674719829,False,True,negative,moderate,0.705785 0.294215,0.987568 0.0124317,0.377541 0.622459,1.0091561465483818,0.8871110893541388
sqa,LLaMA-3-3B,2c71a9a0b7d73c151442,2,Did Native American tribes teach Spaniards how to cultivate maize?,"Step 3:  However, maize was already cultivated by the Aztecs and other Native American tribes in Mesoamerica.",1.0,1.0,0.0,0.9,0.9,0.0,0.20578502036073265,0.02660633276295088,-0.17917868759778177,False,False,neutral,neutral,0.705785 0.294215,0.5 0.5,0.679179 0.320821,1.0059494079343785,0.9612090847241187
sqa,LLaMA-3-3B,2c71a9a0b7d73c151442,3,Did Native American tribes teach Spaniards how to cultivate maize?,Step 4:  The Spanish conquistadors were familiar with maize from their encounters with the Aztecs and other Native American tribes.,1.0,1.0,0.0,0.9,0.9,0.0,-0.19886551421806875,-0.18752438303147045,0.011341131186598297,False,False,neutral,neutral,0.705785 0.294215,0.904651 0.0953495,0.893309 0.106691,1.0067411790781664,0.9777196461184307
sqa,LLaMA-3-3B,2c71a9a0b7d73c151442,4,Did Native American tribes teach Spaniards how to cultivate maize?,Step 5:  It is likely that the Spanish learned about maize cultivation from the Native American tribes they encountered during their conquest.,1.0,1.0,0.0,1.0,1.0,0.0,0.6798276643792452,-0.2091159379190134,-0.8889436022982586,True,False,high,neutral,0.705785 0.294215,0.0259574 0.974043,0.914901 0.085099,1.0049561715428075,0.9721336614100096
sqa,LLaMA-3-3B,2c71a9a0b7d73c151442,5,Did Native American tribes teach Spaniards how to cultivate maize?,"Step 6:  Therefore, the answer to the question is affirmative.",1.0,0.9999999468421474,-5.3157852564211794e-08,0.9,1.0,0.09999999999999998,0.7011754478047252,0.3571398764672774,-0.3440355713374478,True,True,high,moderate,0.705785 0.294215,0.00460957 0.99539,0.348645 0.651355,0.9997509194227522,0.8985570430781428
sqa,LLaMA-3-3B,364935e95e4880fcc8b0,1,Would baker's dozen of side by side Mac Trucks jam up Golden Gate Bridge?,"A baker's dozen is 13, not 12.",1.0,0.9999999999999873,-1.2656542480726785e-14,0.9,1.0,0.09999999999999998,-0.03299538307911132,0.23161454422838113,0.26460992730749244,False,False,neutral,neutral,0.0373269 0.962673,0.0043315 0.995668,0.268941 0.731059,1.0080022056559397,0.8441793682598654
sqa,LLaMA-3-3B,364935e95e4880fcc8b0,3,Would baker's dozen of side by side Mac Trucks jam up Golden Gate Bridge?,"The Golden Gate Bridge is a famous suspension bridge in San Francisco, California.",1.0,1.0,0.0,1.0,0.9,-0.09999999999999998,0.11072030380646136,0.6140279655581111,0.5033076617516498,False,True,neutral,high,0.0373269 0.962673,0.148047 0.851953,0.651355 0.348645,0.9846113312822967,0.7907183481880558
sqa,LLaMA-3-3B,364935e95e4880fcc8b0,5,Would baker's dozen of side by side Mac Trucks jam up Golden Gate Bridge?,The Mac Truck is a type of ice cream truck.,1.0,1.0,0.0,0.8,1.0,0.19999999999999996,0.23161454901927125,0.01607644984106371,-0.21553809917820754,False,False,neutral,neutral,0.0373269 0.962673,0.268941 0.731059,0.0534033 0.946597,0.9984542373322143,0.9923297390252996
sqa,LLaMA-3-3B,364935e95e4880fcc8b0,7,Would baker's dozen of side by side Mac Trucks jam up Golden Gate Bridge?,"Jamming an ice cream truck into a suspension bridge is not feasible or safe due to the size and weight of the truck, as well as the structural integrity of the bridge.",1.0,1.0,0.0,0.9,0.9,0.0,0.5553397065258495,0.4938824778666939,-0.061457228659155594,True,True,high,moderate,0.0373269 0.962673,0.592667 0.407333,0.531209 0.468791,0.9892418366599884,0.9257301502225502
sqa,LLaMA-3-3B,364935e95e4880fcc8b0,9,Would baker's dozen of side by side Mac Trucks jam up Golden Gate Bridge?,"Therefore, the answer is (B): No.",0.9999999979388464,0.9999999468421474,-5.1096698983066346e-08,0.9,0.8,-0.09999999999999998,-0.024895234314568193,0.20775812126557813,0.23265335558014633,False,False,neutral,neutral,0.0373269 0.962673,0.0124317 0.987568,0.245085 0.754915,1.0161524992718551,0.08737485286620279
sqa,LLaMA-3-3B,4a915ea5d025292cd7ec,1,Did Japanese serfdom have higher status than English counterpart?,**Understanding Serfdom**: Serfdom is a system where peasants are tied to the land and are required to provide labor and services to the lord of the manor in exchange for protection and the right to work the land.,1.0,1.0,0.0,1.0,1.0,0.0,0.06294814667864801,-0.009240856371657391,-0.0721890030503054,False,False,neutral,neutral,0.085099 0.914901,0.148047 0.851953,0.0758582 0.924142,1.025205258351789,0.9526200666030912
sqa,LLaMA-3-3B,4a915ea5d025292cd7ec,2,Did Japanese serfdom have higher status than English counterpart?,The status of serfs can vary significantly across different cultures and historical periods.,1.0,0.9999999999998799,-1.2012613126444194e-13,0.9,1.0,0.09999999999999998,0.04786520388342741,-0.04777214960747478,-0.09563735349090219,False,False,neutral,neutral,0.085099 0.914901,0.132964 0.867036,0.0373269 0.962673,1.0181118886810032,0.9693651452369514
sqa,LLaMA-3-3B,4c088a5366459f2256c6,1,Did Van Gogh suffer from a mental disorder?,**Understanding the Question**: The question asks whether Vincent Van Gogh suffered from a mental disorder.,1.0,1.0,0.0,0.9,1.0,0.09999999999999998,0.04531353444541952,0.28813046475239756,0.24281693030697804,False,False,neutral,moderate,0.880797 0.119203,0.835484 0.164516,0.592667 0.407333,1.002619842118631,0.9045773202569102
sqa,LLaMA-3-3B,4c088a5366459f2256c6,3,Did Van Gogh suffer from a mental disorder?,"**Historical Context**: Van Gogh is widely known for his struggles with mental health, particularly depression and episodes of psychosis.",1.0,1.0,0.0,0.8,0.9,0.09999999999999998,-0.10821598312690772,-0.034103887614903794,0.07411209551200393,False,False,neutral,neutral,0.880797 0.119203,0.989013 0.0109869,0.914901 0.085099,1.01277273710948,0.9864653280641219
sqa,LLaMA-3-3B,4c088a5366459f2256c6,5,Did Van Gogh suffer from a mental disorder?,"**Evidence**: There are numerous accounts and analyses of his letters and the behavior described by those who knew him, which suggest he did indeed struggle with mental health issues.",1.0,1.0,0.0,0.9,1.0,0.09999999999999998,-0.06579959113805323,0.12588208365633735,0.19168167479439058,False,False,neutral,neutral,0.880797 0.119203,0.946597 0.0534033,0.754915 0.245085,1.0078595187575448,0.9619057490387577
sqa,LLaMA-3-3B,4c088a5366459f2256c6,7,Did Van Gogh suffer from a mental disorder?,"**Conclusion**: Based on the historical context and evidence, it is reasonable to conclude that Van Gogh did suffer from a mental disorder.",1.0,1.0,0.0,1.0,1.0,0.0,-0.11162568602682843,0.7956980263396956,0.907323712366524,False,True,neutral,high,0.880797 0.119203,0.992423 0.00757724,0.085099 0.914901,1.0105277514324045,0.9459949596052427
sqa,LLaMA-3-3B,4ea450758bcead502050,1,Is the Royal Air Force ensign on the moon?,The Royal Air Force (RAF) is a branch of the British Armed Forces.,1.0,1.0,0.0,1.0,0.9,-0.09999999999999998,0.06487123626009805,0.5202224245562741,0.45535118829617605,False,True,neutral,high,0.0109869 0.989013,0.0758582 0.924142,0.531209 0.468791,1.0094745701251744,0.8360651645475371
sqa,LLaMA-3-3B,4ea450758bcead502050,3,Is the Royal Air Force ensign on the moon?,"The RAF is primarily involved in air operations, not space or lunar missions.",1.0,1.0,0.0,0.9,0.9,0.0,0.13706023946213053,0.6681917424281212,0.5311315029659907,False,True,neutral,high,0.0109869 0.989013,0.148047 0.851953,0.679179 0.320821,0.9923690128675634,0.9734778311424102
sqa,LLaMA-3-3B,4ea450758bcead502050,5,Is the Royal Air Force ensign on the moon?,There is no record of the RAF sending an ensign to the moon.,1.0,0.99999999999886,-1.1399770016851107e-12,0.9,0.9,0.0,-0.010556385903597754,0.05272805129432234,0.0632844371979201,False,False,neutral,neutral,0.0109869 0.989013,0.000430557 0.999569,0.063715 0.936285,1.0186814527458983,0.9090522041150679
sqa,LLaMA-3-3B,4fd64bb6ce5b78ab20b6,1,Is Mixed martial arts totally original from Roman Colosseum games?,"**Understanding Mixed Martial Arts (MMA):** MMA is a full-contact combat sport that combines elements of various martial arts styles, including wrestling, boxing, judo, Brazilian jiu-jitsu, and others.",1.0,1.0,0.0,1.0,0.9,-0.09999999999999998,-0.0035805956275416495,0.027550227920793535,0.031130823548335185,False,False,neutral,neutral,0.0035936 0.996406,1.30071e-05 0.999987,0.0311438 0.968856,1.0387134124075943,0.8311144039778152
sqa,LLaMA-3-3B,4fd64bb6ce5b78ab20b6,2,Is Mixed martial arts totally original from Roman Colosseum games?,"It is known for its emphasis on stand-up fighting, grappling, and submissions.",1.0,1.0,0.0,1.0,0.9,-0.09999999999999998,0.010470024204691564,0.043832268261205676,0.03336224405651411,False,False,neutral,neutral,0.0035936 0.996406,0.0140636 0.985936,0.0474259 0.952574,1.0159487591512657,1.0034524481181313
sqa,LLaMA-3-3B,52a0dd337fb870fa3eb8,1,Has Oscar Wilde's most famous character ever been in an Eva Green project?,"Oscar Wilde is famous for his plays and writings, particularly ""The Importance of Being Earnest"" and ""An Ideal Husband"".",1.0,1.0,0.0,0.9,0.9,0.0,-0.005977459297334176,0.3998585174528865,0.40583597675022065,False,False,neutral,moderate,0.0534033 0.946597,0.0474259 0.952574,0.453262 0.546738,1.0097032283960141,0.7562268034935834
sqa,LLaMA-3-3B,52a0dd337fb870fa3eb8,3,Has Oscar Wilde's most famous character ever been in an Eva Green project?,"Eva Green is a French actress known for her roles in various films and TV series, such as ""Casino Royale"", ""Penny Dreadful"", and ""Miss Peregrine's Home for Peculiar Children"".",1.0,1.0,0.0,0.8,0.8,0.0,0.3844201640741306,0.3241373147675565,-0.06028284930657413,False,False,moderate,moderate,0.0534033 0.946597,0.437823 0.562177,0.377541 0.622459,0.9944138532376083,0.8376424645017015
sqa,LLaMA-3-3B,52a0dd337fb870fa3eb8,5,Has Oscar Wilde's most famous character ever been in an Eva Green project?,"While Oscar Wilde's works are classics, there is no direct connection between his plays and Eva Green's projects that I can find.",1.0,1.0,0.0,0.8,0.8,0.0,0.14840988967156987,0.5690560109917735,0.4206461213202036,False,True,neutral,high,0.0534033 0.946597,0.201813 0.798187,0.622459 0.377541,0.9973692233450666,0.8249290032503114
sqa,LLaMA-3-3B,52a0dd337fb870fa3eb8,7,Has Oscar Wilde's most famous character ever been in an Eva Green project?,"However, it's possible that Eva Green might have been involved in a project that references or adapts Oscar Wilde's work, but I couldn't find any information confirming this.",1.0,1.0,0.0,1.0,1.0,0.0,0.2952418045320656,0.14840988197372407,-0.14683192255834154,False,False,moderate,neutral,0.0534033 0.946597,0.348645 0.651355,0.201813 0.798187,0.986394703056494,0.8871847671099838
sqa,LLaMA-3-3B,5e692b6eb781e2d6f8c8,1,Is an astronomer interested in drosophila?,"An astronomer is a professional who studies celestial objects, space, and the universe.",1.0,1.0,0.0,1.0,0.9,-0.09999999999999998,0.06145722096781592,-8.32834423647455e-09,-0.061457229296160154,False,False,neutral,neutral,0.407333 0.592667,0.468791 0.531209,0.407333 0.592667,0.9749516604817757,0.8779964992018535
sqa,LLaMA-3-3B,5e692b6eb781e2d6f8c8,3,Is an astronomer interested in drosophila?,"Drosophila, commonly known as fruit flies, are a type of insect that is often used in scientific research, including genetics and developmental biology.",1.0,1.0,0.0,1.0,0.9,-0.09999999999999998,-0.38934718467618756,0.15484310657292283,0.5441902912491103,False,True,negative,neutral,0.407333 0.592667,0.0179862 0.982014,0.562177 0.437823,1.0123290301985102,0.9011336332000646
sqa,LLaMA-3-3B,5e692b6eb781e2d6f8c8,5,Is an astronomer interested in drosophila?,"While astronomers might be interested in the study of the universe, their primary focus is not on insects or their biology.",1.0,1.0,0.0,0.9,0.9,0.0,0.1853332048136978,2.165779777740795e-08,-0.18533318315590003,True,False,neutral,neutral,0.407333 0.592667,0.592667 0.407333,0.407333 0.592667,1.01856340155303,0.9834924437105977
sqa,LLaMA-3-3B,5e692b6eb781e2d6f8c8,7,Is an astronomer interested in drosophila?,"However, some astronomers might be interested in the study of the effects of cosmic radiation on living organisms, which could include fruit flies.",1.0,1.0,0.0,1.0,1.0,0.0,-0.2743691497902824,-0.3222343511945903,-0.047865201404307944,False,False,negative,negative,0.407333 0.592667,0.132964 0.867036,0.085099 0.914901,0.9959479049812163,0.9473614449762415
sqa,LLaMA-3-3B,6541fe954f5c5a530fba,1,Did Eiffel Tower contribute to a war victory?,"The Eiffel Tower was built for the 1889 World's Fair in Paris, France.",1.0,1.0,0.0,0.8,0.8,0.0,0.8089969939362561,0.7224810737066572,-0.08651592022959897,True,True,high,high,0.00857749 0.991423,0.817574 0.182426,0.731059 0.268941,0.980488890107575,0.8662233922718617
sqa,LLaMA-3-3B,6541fe954f5c5a530fba,3,Did Eiffel Tower contribute to a war victory?,It was designed and constructed by Gustave Eiffel and his engineering company.,1.0,1.0,0.0,0.8,1.0,0.19999999999999996,0.8089969880523447,0.3689631830970722,-0.44003380495527245,True,False,high,moderate,0.00857749 0.991423,0.817574 0.182426,0.377541 0.622459,1.0065063436287658,0.9322181552331945
sqa,LLaMA-3-3B,6541fe954f5c5a530fba,5,Did Eiffel Tower contribute to a war victory?,The primary purpose of the Eiffel Tower was to serve as an entrance arch for the World's Fair.,1.0,1.0,0.0,0.8,0.8,0.0,0.7224810552023575,0.8433753306727996,0.12089427547044207,True,True,high,high,0.00857749 0.991423,0.731059 0.268941,0.851953 0.148047,0.9995552636392744,0.9723563393727563
sqa,LLaMA-3-3B,6541fe954f5c5a530fba,7,Did Eiffel Tower contribute to a war victory?,There is no historical evidence to suggest that the Eiffel Tower played a direct role in any war victory.,1.0,1.0,0.0,0.6,0.8,0.20000000000000007,0.9540956294786542,0.8584582738214772,-0.09563735565717701,True,True,high,high,0.00857749 0.991423,0.962673 0.0373269,0.867036 0.132964,1.0091428834140264,0.9505995038328319
sqa,LLaMA-3-3B,660bfdc17b47f42facac,1,Are moose used for work near the kingdom of Arendelle?,**Understanding the Question**: The question asks if moose are used for work near the kingdom of Arendelle.,0.9999999999999873,1.0,1.2656542480726785e-14,1.0,1.0,0.0,-0.008979878671768748,0.027340194597701206,0.036320073269469955,False,False,neutral,neutral,0.0293122 0.970688,0.0203324 0.979668,0.0566524 0.943348,1.0025419382614962,0.9254504207649161
sqa,LLaMA-3-3B,660bfdc17b47f42facac,10,Are moose used for work near the kingdom of Arendelle?,"**Conclusion**: Given the fictional nature of Arendelle and the lack of real-world use of moose for work, the correct answer is (B) No.",1.0,1.0,0.0,1.0,0.8,-0.19999999999999996,-0.026139548742162733,0.31933292175607064,0.3454724704982334,False,False,neutral,moderate,0.0293122 0.970688,0.00317268 0.996827,0.348645 0.651355,1.0105084542766178,0.9437737421142139
sqa,LLaMA-3-3B,660bfdc17b47f42facac,2,Are moose used for work near the kingdom of Arendelle?,"This implies we need to know if moose are employed in any capacity, such as transportation, labor, or other forms of work, in the vicinity of Arendelle.",1.0,1.0,0.0,0.8,1.0,0.19999999999999996,0.15311329543291374,0.00801465632125098,-0.14509863911166276,False,False,neutral,neutral,0.0293122 0.970688,0.182426 0.817574,0.0373269 0.962673,0.9973493266953918,0.975720585445972
sqa,LLaMA-3-3B,660bfdc17b47f42facac,4,Are moose used for work near the kingdom of Arendelle?,"**Contextual Knowledge**: The kingdom of Arendelle is a fictional place from the Disney movie ""Frozen.""",1.0,1.0,0.0,0.9,0.9,0.0,0.055786811522812174,0.19338791491371132,0.13760110339089915,False,False,neutral,neutral,0.0293122 0.970688,0.085099 0.914901,0.2227 0.7773,0.9887592148491677,0.96948512717147
sqa,LLaMA-3-3B,660bfdc17b47f42facac,5,Are moose used for work near the kingdom of Arendelle?,"It is not a real location, and thus, there are no real-world moose used for work there.",1.0,1.0,0.0,0.9,0.9,0.0,0.5018971427039196,0.43947839694907187,-0.06241874575484774,True,False,high,moderate,0.0293122 0.970688,0.531209 0.468791,0.468791 0.531209,1.0054525814515347,0.9815787772600766
sqa,LLaMA-3-3B,660bfdc17b47f42facac,7,Are moose used for work near the kingdom of Arendelle?,"**Analyzing the Choices**:     - (A) Yes: This choice suggests that moose are indeed used for work near Arendelle, which is not possible in a fictional context or in reality since moose are not domesticated or commonly used for work in any real-world setting.",1.0,1.0,0.0,0.9,1.0,0.09999999999999998,-0.026511304518917145,1.4644729873225515e-11,0.026511304533561875,False,False,neutral,neutral,0.0293122 0.970688,0.00280093 0.997199,0.0293122 0.970688,1.0100223989448143,0.9659046730183739
sqa,LLaMA-3-3B,660bfdc17b47f42facac,8,Are moose used for work near the kingdom of Arendelle?,"- (B) No: This choice indicates that moose are not used for work near Arendelle, which aligns with the understanding that Arendelle is a fictional place and moose are not typically used for work in any real-world context.",1.0,1.0,0.0,0.9,0.8,-0.09999999999999998,0.23962922329123582,0.21577277359520786,-0.02385644969602796,False,False,neutral,neutral,0.0293122 0.970688,0.268941 0.731059,0.245085 0.754915,0.9982777722244396,0.9446667705143524
sqa,LLaMA-3-3B,72d9416ee7093deb9eab,1,"Could the main character of ""Alice's Adventures in Wonderland"" join a Masonic Lodge?","The story ""Alice's Adventures in Wonderland"" is a classic tale written by Lewis Carroll, first published in 1865.",1.0,1.0,0.0,1.0,1.0,0.0,-0.17143857733376722,0.13839578400056263,0.30983436133432984,False,False,neutral,neutral,0.182426 0.817574,0.0109869 0.989013,0.320821 0.679179,1.0099756059869356,0.942264278969712
sqa,LLaMA-3-3B,72d9416ee7093deb9eab,2,"Could the main character of ""Alice's Adventures in Wonderland"" join a Masonic Lodge?","It is a work of fantasy and imagination, where the main character, Alice, falls down a rabbit hole and enters a fantastical world called Wonderland.",1.0,1.0,0.0,0.8,1.0,0.19999999999999996,0.3487838486933993,0.19511513269243508,-0.1536687160009642,True,False,moderate,neutral,0.182426 0.817574,0.531209 0.468791,0.377541 0.622459,0.9949854940449185,0.9163954964609464
sqa,LLaMA-3-3B,72d9416ee7093deb9eab,4,"Could the main character of ""Alice's Adventures in Wonderland"" join a Masonic Lodge?","The story is not based on real events or people, and it does not contain any references to Masonic Lodges or their practices.",1.0,1.0,0.0,0.8,0.8,0.0,0.49675317185775375,0.19511516284034713,-0.3016380090174066,True,False,moderate,neutral,0.182426 0.817574,0.679179 0.320821,0.377541 0.622459,1.0101560426820357,0.9962191083690243
sqa,LLaMA-3-3B,72d9416ee7093deb9eab,6,"Could the main character of ""Alice's Adventures in Wonderland"" join a Masonic Lodge?","Masonic Lodges are real organizations with a long history, but their practices and beliefs are not publicly disclosed, and they are not directly related to the story of ""Alice's Adventures in Wonderland.""",1.0,1.0,0.0,0.8,0.9,0.09999999999999998,0.08651591957969795,0.2249078809260595,0.13839196134636156,False,False,neutral,neutral,0.182426 0.817574,0.268941 0.731059,0.407333 0.592667,1.0033443950209946,0.9667613233835456
sqa,LLaMA-3-3B,72d9416ee7093deb9eab,8,"Could the main character of ""Alice's Adventures in Wonderland"" join a Masonic Lodge?","Therefore, it is not possible to determine whether the main character of ""Alice's Adventures in Wonderland"" could join a Masonic Lodge based on the story alone.",1.0,0.9999999999998019,-1.9806378759312793e-13,1.0,0.9,-0.09999999999999998,-0.1820455365676752,0.22490789721603788,0.40695343378371307,False,False,neutral,neutral,0.182426 0.817574,0.000379985 0.99962,0.407333 0.592667,1.0154896030051648,0.9816805419951273
sqa,LLaMA-3-3B,7870b1cef39a4f685911,1,Would Adam Sandler get a reference to Cole Spouse and a scuba man doll?,Adam Sandler is a well-known comedian and actor.,1.0,1.0,0.0,1.0,1.0,0.0,1.4182280905217226e-08,0.13940473944944592,0.13940472526716502,False,True,neutral,neutral,0.407333 0.592667,0.407333 0.592667,0.546738 0.453262,0.9951113822737473,0.772342662727004
sqa,LLaMA-3-3B,7870b1cef39a4f685911,11,Would Adam Sandler get a reference to Cole Spouse and a scuba man doll?,"However, it's also possible that Adam Sandler might not know Cole Spouse personally or have a direct connection to him.",1.0,1.0,0.0,1.0,0.9,-0.09999999999999998,0.2151259229901319,-4.131991082623188e-09,-0.21512592712212297,True,False,neutral,neutral,0.407333 0.592667,0.622459 0.377541,0.407333 0.592667,1.0245282109499183,0.9236653620597185
sqa,LLaMA-3-3B,7870b1cef39a4f685911,13,Would Adam Sandler get a reference to Cole Spouse and a scuba man doll?,"As for the scuba man doll, it's unlikely that Adam Sandler would get a reference to a specific toy or figurine, unless it's a part of a larger project or collaboration.",1.0,1.0,0.0,0.8,0.8,0.0,0.4734636868401179,0.27184529594911017,-0.20161839089100775,True,True,moderate,moderate,0.407333 0.592667,0.880797 0.119203,0.679179 0.320821,1.0312206185559307,0.9357648738486615
sqa,LLaMA-3-3B,7870b1cef39a4f685911,15,Would Adam Sandler get a reference to Cole Spouse and a scuba man doll?,"Considering these points, the most likely answer is that Adam Sandler might not get a reference to Cole Spouse, but it's not impossible.",1.0,1.0,0.0,1.0,0.9,-0.09999999999999998,-0.20552017473134188,0.15484311103872,0.3603632857700619,False,True,neutral,neutral,0.407333 0.592667,0.201813 0.798187,0.562177 0.437823,0.9612839160600534,0.8866569551254688
sqa,LLaMA-3-3B,7870b1cef39a4f685911,3,Would Adam Sandler get a reference to Cole Spouse and a scuba man doll?,"He has been in many movies and TV shows, and has a large following.",1.0,1.0,0.0,0.9,1.0,0.09999999999999998,0.5392632732951901,0.12387597815351409,-0.415387295141676,True,True,high,neutral,0.407333 0.592667,0.946597 0.0534033,0.531209 0.468791,1.0292852261155772,0.9360025874195939
sqa,LLaMA-3-3B,7870b1cef39a4f685911,5,Would Adam Sandler get a reference to Cole Spouse and a scuba man doll?,Cole Spouse is a popular YouTube personality known for his comedy and gaming content.,1.0,1.0,0.0,1.0,1.0,0.0,8.464039580324823e-09,0.0926666032763811,0.09266659481234152,False,True,neutral,neutral,0.407333 0.592667,0.407333 0.592667,0.5 0.5,1.001797282723725,0.9433183743467858
sqa,LLaMA-3-3B,7870b1cef39a4f685911,7,Would Adam Sandler get a reference to Cole Spouse and a scuba man doll?,A scuba man doll is a type of toy or figurine.,1.0,1.0,0.0,0.8,1.0,0.19999999999999996,0.12387598176444625,0.0926666032763811,-0.031209378488065154,True,True,neutral,neutral,0.407333 0.592667,0.531209 0.468791,0.5 0.5,1.0277255285320734,0.9078437881536509
sqa,LLaMA-3-3B,7870b1cef39a4f685911,9,Would Adam Sandler get a reference to Cole Spouse and a scuba man doll?,"Given Adam Sandler's large following and influence, it's possible that he could get a reference to Cole Spouse, who is also a popular figure in the comedy and gaming communities.",1.0,1.0,0.0,1.0,1.0,0.0,0.03049008978627843,-0.16224838968313715,-0.19273847946941558,False,False,neutral,neutral,0.407333 0.592667,0.437823 0.562177,0.245085 0.754915,0.9827094589701395,0.8959463406836798
sqa,LLaMA-3-3B,86ead3f15417204affc2,0,Is Dustin Hoffman one of the B'nei Yisrael?,"Step 1:  To answer this question, we need to understand what ""B'nei Yisrael"" means.",1.0,1.0,0.0,0.9,0.8,-0.09999999999999998,-0.10356013844733758,0.028895515578880704,0.13245565402621828,False,False,neutral,neutral,0.348645 0.651355,0.245085 0.754915,0.377541 0.622459,1.0163491310613184,0.832077501874216
sqa,LLaMA-3-3B,86ead3f15417204affc2,1,Is Dustin Hoffman one of the B'nei Yisrael?,"""B'nei Yisrael"" is a Hebrew term that translates to ""children of Israel"" in English.",1.0,1.0,0.0,1.0,0.8,-0.19999999999999996,-0.24195455349288997,0.27381417473181957,0.5157687282247095,False,True,neutral,moderate,0.348645 0.651355,0.106691 0.893309,0.622459 0.377541,1.0151830997774982,0.9418564442524174
sqa,LLaMA-3-3B,86ead3f15417204affc2,2,Is Dustin Hoffman one of the B'nei Yisrael?,"It refers to the Jewish people, who are descended from the biblical patriarch Jacob (also known as Israel).",1.0,1.0,0.0,1.0,1.0,0.0,0.5183905990474837,0.05868824070229062,-0.45970235834519313,True,False,high,neutral,0.348645 0.651355,0.867036 0.132964,0.407333 0.592667,1.0094037561783562,0.9573519260092491
sqa,LLaMA-3-3B,86ead3f15417204affc2,3,Is Dustin Hoffman one of the B'nei Yisrael?,"Step 2:  Dustin Hoffman is an American actor known for his roles in films like ""Rain Man,"" ""Tootsie,"" and ""Wag the Dog,"" among many others.",1.0,1.0,0.0,0.9,0.8,-0.09999999999999998,0.5912681995047123,0.5033076563865404,-0.08796054311817192,True,True,high,high,0.348645 0.651355,0.939913 0.0600866,0.851953 0.148047,1.0132077551958536,0.9904997024991348
sqa,LLaMA-3-3B,86ead3f15417204affc2,4,Is Dustin Hoffman one of the B'nei Yisrael?,He is not known for any direct connection to the Jewish faith or heritage.,1.0,1.0,0.0,1.0,0.9,-0.09999999999999998,-0.34845404804032054,0.5754966670072489,0.9239507150475694,False,True,negative,high,0.348645 0.651355,0.000191104 0.999809,0.924142 0.0758582,1.0149058730280998,1.0041037954141097
sqa,LLaMA-3-3B,86ead3f15417204affc2,5,Is Dustin Hoffman one of the B'nei Yisrael?,"Step 3:  Given the information above, we can conclude that Dustin Hoffman is not one of the B'nei Yisrael, as he is not a member of the Jewish people.",1.0,0.9999999999999953,-4.6629367034256575e-15,0.9,0.8,-0.09999999999999998,0.6372912212622897,0.5033076612953009,-0.13398355996698874,True,True,high,high,0.348645 0.651355,0.985936 0.0140636,0.851953 0.148047,1.017690161514953,0.9566284504075073
sqa,LLaMA-3-3B,88b682482647a80a080d,1,If you add water to rice pudding is it horchata?,"Horchata is a traditional drink made from tigernuts (chufa nuts), water, and cinnamon.",1.0,1.0,0.0,0.9,0.9,0.0,0.22370563006768374,0.28612437684108527,0.062418746773401534,False,True,neutral,moderate,0.245085 0.754915,0.468791 0.531209,0.531209 0.468791,1.004555590968472,0.9237743869821735
sqa,LLaMA-3-3B,88b682482647a80a080d,3,If you add water to rice pudding is it horchata?,"Rice pudding is a dessert made from rice, milk, and sugar.",1.0,1.0,0.0,0.9,0.8,-0.09999999999999998,0.4607000170767565,0.377374328025161,-0.08332568905159549,True,True,moderate,moderate,0.245085 0.754915,0.705785 0.294215,0.622459 0.377541,1.0072739202033427,0.9481774596184723
sqa,LLaMA-3-3B,88b682482647a80a080d,5,If you add water to rice pudding is it horchata?,Horchata and rice pudding are two distinct dishes with different ingredients.,1.0,1.0,0.0,1.0,0.8,-0.19999999999999996,-0.19765913000735158,0.4607000386576587,0.6583591686650103,False,True,neutral,moderate,0.245085 0.754915,0.0474259 0.952574,0.705785 0.294215,1.0043229785955226,0.9479243788122362
sqa,LLaMA-3-3B,88b682482647a80a080d,7,If you add water to rice pudding is it horchata?,Adding water to rice pudding does not change its fundamental ingredients or composition.,1.0,0.9999999999999838,-1.6209256159527285e-14,0.9,0.8,-0.09999999999999998,0.3170915108912269,0.553101779497858,0.2360102686066311,True,True,moderate,high,0.245085 0.754915,0.562177 0.437823,0.798187 0.201813,1.004756424203519,0.9271183528327
sqa,LLaMA-3-3B,88b682482647a80a080d,9,If you add water to rice pudding is it horchata?,"Therefore, adding water to rice pudding does not make it horchata.",0.9999999999999999,0.9999999990263799,-9.736199624299502e-10,0.9,0.9,0.0,0.3475815980533668,0.34758160309071595,5.037349148917514e-09,True,True,moderate,moderate,0.245085 0.754915,0.592667 0.407333,0.592667 0.407333,1.0074637156462174,0.9306129057050057
sqa,LLaMA-3-3B,89a19bd8f2bea335bca1,0,Did Doctor Strange creators also make Batman?,- Doctor Strange is a Marvel Comics character.,1.0,0.9999999999999992,-7.771561172376096e-16,0.8,0.9,0.09999999999999998,0.4986749776248375,0.06622167144950553,-0.43245330617533195,True,False,moderate,neutral,0.00132502 0.998675,0.5 0.5,0.0675467 0.932453,0.9699179897504835,0.8458227807510907
sqa,LLaMA-3-3B,89a19bd8f2bea335bca1,1,Did Doctor Strange creators also make Batman?,- Batman is a DC Comics character.,1.0,0.9999999999999873,-1.2656542480726785e-14,0.8,0.9,0.09999999999999998,0.0032845502675877825,0.14672217085967565,0.14343762059208787,False,False,neutral,neutral,0.00132502 0.998675,0.00460957 0.99539,0.148047 0.851953,1.0003540049911575,0.8238392556312508
sqa,LLaMA-3-3B,89a19bd8f2bea335bca1,2,Did Doctor Strange creators also make Batman?,- The creators of Doctor Strange are not associated with the creation of Batman.,1.0,0.9999999999999997,-3.3306690738754696e-16,0.8,0.8,0.0,0.6211343004573755,0.5298843471966123,-0.09124995326076324,True,True,high,high,0.00132502 0.998675,0.622459 0.377541,0.531209 0.468791,0.9863261875895676,0.9354914655023944
sqa,LLaMA-3-3B,89a19bd8f2bea335bca1,3,Did Doctor Strange creators also make Batman?,"Therefore, the correct answer is (B): No.<|eot_id|>",0.9947524816008186,0.9995692574594243,0.004816775858605626,1.0,0.8,-0.19999999999999996,-0.0011454944022893931,0.009661921535503382,0.010807415937792775,False,False,neutral,neutral,0.00132502 0.998675,0.000179528 0.99982,0.0109869 0.989013,1.0040035999044545,0.5144683320639412
sqa,LLaMA-3-3B,8f12cd3797d27f250b00,1,Were plants crucial for The King of Rock'n Roll's snack with bananas?,"The King of Rock'n Roll is a character from the movie ""The King of Rock'n Roll"" (also known as ""The King of Rock'n Roll"" or ""The King of Rock'n Roll""), but I couldn't find any information about this character or the movie.",1.0,1.0,0.0,1.0,0.9,-0.09999999999999998,-0.07970368527329119,-0.12594500349018478,-0.04624131821689359,False,False,neutral,neutral,0.651355 0.348645,0.731059 0.268941,0.7773 0.2227,0.9898182722314256,0.8305521682881316
sqa,LLaMA-3-3B,8f12cd3797d27f250b00,3,Were plants crucial for The King of Rock'n Roll's snack with bananas?,"However, I found that the movie ""The King of Rock'n Roll"" is a 2012 biographical drama film about the life of Elvis Presley, an American singer, musician, and actor.",1.0,1.0,0.0,0.9,0.9,0.0,-0.10356013170803813,-0.02782383428966806,0.07573629741837007,False,False,neutral,neutral,0.651355 0.348645,0.754915 0.245085,0.679179 0.320821,0.9943673928233467,0.9322019692583565
sqa,LLaMA-3-3B,8f12cd3797d27f250b00,5,Were plants crucial for The King of Rock'n Roll's snack with bananas?,"Elvis Presley was known for his love of bananas, and they were often included in his diet.",1.0,1.0,0.0,1.0,1.0,0.0,0.24402144544436688,0.05868825159496993,-0.18533319384939695,True,False,neutral,neutral,0.651355 0.348645,0.407333 0.592667,0.592667 0.407333,1.0023046219592404,0.9642436458375054
sqa,LLaMA-3-3B,8f12cd3797d27f250b00,7,Were plants crucial for The King of Rock'n Roll's snack with bananas?,"Plants, including bananas, are a crucial source of food for humans.",1.0,1.0,0.0,1.0,1.0,0.0,0.4868383967006377,0.18256422100764902,-0.3042741756929887,True,True,moderate,neutral,0.651355 0.348645,0.164516 0.835484,0.468791 0.531209,0.990961565466054,0.9505992246307611
sqa,LLaMA-3-3B,8f12cd3797d27f250b00,9,Were plants crucial for The King of Rock'n Roll's snack with bananas?,"Therefore, plants were indeed crucial for Elvis Presley's snack with bananas.",1.0,1.0,0.0,1.0,1.0,0.0,-0.027823850355539248,0.08917837437122778,0.11700222472676702,False,False,neutral,neutral,0.651355 0.348645,0.679179 0.320821,0.562176 0.437824,1.0030632586064876,0.913616728586505
sqa,LLaMA-3-3B,911c0d74b7882fc20ec8,0,Have jokes killed more people than rats in history?,Step 1: Consider the historical context of both rats and humans.,1.0,1.0,0.0,0.9,0.9,0.0,-0.14653023906923957,0.21302421404913074,0.3595544531183703,False,False,neutral,neutral,0.164516 0.835484,0.0179862 0.982014,0.377541 0.622459,1.000218661247804,0.8450465521122492
sqa,LLaMA-3-3B,911c0d74b7882fc20ec8,1,Have jokes killed more people than rats in history?,"Rats have been present throughout human history, often in close proximity to humans, which increases the likelihood of interactions that could lead to fatalities.",1.0,1.0,0.0,0.9,1.0,0.09999999999999998,0.15630486858531245,1.127323168148564e-08,-0.15630485731208077,False,False,neutral,neutral,0.164516 0.835484,0.320821 0.679179,0.164516 0.835484,1.0235540100756428,0.927920801721674
sqa,LLaMA-3-3B,911c0d74b7882fc20ec8,2,Have jokes killed more people than rats in history?,Step 2: Evaluate the impact of rats on human health.,1.0,1.0,0.0,0.9,0.9,0.0,0.27330705517525633,-0.03155220974548478,-0.3048592649207411,False,False,moderate,neutral,0.164516 0.835484,0.437824 0.562176,0.132964 0.867036,1.0147108152006543,0.8522012560777225
sqa,LLaMA-3-3B,911c0d74b7882fc20ec8,3,Have jokes killed more people than rats in history?,"Rats are known to carry diseases such as the bubonic plague, which has historically caused significant mortality rates.",1.0,1.0,0.0,1.0,0.9,-0.09999999999999998,0.017909082885318006,0.21302420753984763,0.19511512465452963,False,False,neutral,neutral,0.164516 0.835484,0.182426 0.817574,0.377541 0.622459,0.9978956974004,0.9123608386570916
sqa,LLaMA-3-3B,911c0d74b7882fc20ec8,4,Have jokes killed more people than rats in history?,Step 3: Consider the impact of jokes on human mortality.,1.0,0.9999999999999433,-5.67323965583455e-14,0.7,0.8,0.10000000000000009,0.10442499540414096,7.575899685363652e-09,-0.10442498782824128,False,False,neutral,neutral,0.164516 0.835484,0.268941 0.731059,0.164516 0.835484,1.006319699877807,0.9507200784311873
sqa,LLaMA-3-3B,911c0d74b7882fc20ec8,5,Have jokes killed more people than rats in history?,"While jokes can be hurtful or offensive, there is no historical evidence to suggest that jokes have caused widespread, direct fatalities.",1.0,1.0,0.0,0.9,0.8,-0.09999999999999998,0.45794288831478225,0.7679368574051726,0.30999396909039034,True,True,moderate,high,0.164516 0.835484,0.622459 0.377541,0.932453 0.0675467,0.9924133857373149,1.0053967130691897
sqa,LLaMA-3-3B,911c0d74b7882fc20ec8,6,Have jokes killed more people than rats in history?,Step 4: Compare the historical impact of rats and jokes on human mortality.,1.0,0.9999999999861121,-1.3887890837338546e-11,0.9,0.9,0.0,0.0805685619284745,0.24281696072168568,0.16224839879321118,False,False,neutral,neutral,0.164516 0.835484,0.245085 0.754915,0.407333 0.592667,1.0210977152642118,0.9209109162263135
sqa,LLaMA-3-3B,911c0d74b7882fc20ec8,7,Have jokes killed more people than rats in history?,"Given the widespread presence of rats and their role in spreading diseases, it is reasonable to conclude that rats have had a more significant impact on human mortality than jokes.",1.0,1.0,0.0,0.9,0.9,0.0,-0.15693920890931312,0.457942871292211,0.6148820802015241,False,True,neutral,moderate,0.164516 0.835484,0.00757724 0.992423,0.622459 0.377541,1.0247633829599219,0.9840925523335821
sqa,LLaMA-3-3B,9d2f5beb0ffe85faf16d,0,Can a computer be programmed entirely in Boolean algebra?,"Step 1: Boolean algebra is a system of logic that uses only two values, 0 and 1, to represent true and false statements.",1.0,1.0,0.0,1.0,1.0,0.0,-0.05671936650507603,-0.08332571052931592,-0.026606344024239892,False,False,neutral,neutral,0.377541 0.622459,0.320821 0.679179,0.294215 0.705785,1.0091253315886444,0.911628383685627
sqa,LLaMA-3-3B,9d2f5beb0ffe85faf16d,1,Can a computer be programmed entirely in Boolean algebra?,"Step 2: Computers, on the other hand, are electronic devices that process information using a binary system, which is based on the principles of electronics and uses only two states, 0 and 1, to represent binary digits.",1.0,1.0,0.0,0.8,1.0,0.19999999999999996,-0.13245566888955373,-0.056719371413143316,0.07573629747641042,False,False,neutral,neutral,0.377541 0.622459,0.245085 0.754915,0.320821 0.679179,1.011366151261866,0.9435622370797584
sqa,LLaMA-3-3B,9d2f5beb0ffe85faf16d,2,Can a computer be programmed entirely in Boolean algebra?,"Step 3: While Boolean algebra can be used to describe the logic of a computer's operations, it is not the primary language used to program computers.",1.0,1.0,0.0,0.9,0.9,0.0,0.12245932200212728,0.4400337955319946,0.31757447352986734,True,True,neutral,moderate,0.377541 0.622459,0.5 0.5,0.817574 0.182426,1.0120098731331415,0.9764683927315648
sqa,LLaMA-3-3B,9d2f5beb0ffe85faf16d,3,Can a computer be programmed entirely in Boolean algebra?,"Step 4: Most programming languages, such as C, C++, and Java, use a more complex syntax and are not based solely on Boolean algebra.",1.0,1.0,0.0,1.0,0.9,-0.09999999999999998,0.18463580957447578,0.5373602810253155,0.35272447145083974,True,True,neutral,high,0.377541 0.622459,0.562176 0.437824,0.914901 0.085099,1.0106889606302165,0.9750700062462926
sqa,LLaMA-3-3B,9d2f5beb0ffe85faf16d,4,Can a computer be programmed entirely in Boolean algebra?,"Step 5: However, some programming languages, such as Boolean algebra-based languages, do exist and can be used to program computers entirely in Boolean algebra.",1.0,1.0,0.0,1.0,1.0,0.0,-0.3241373448387479,-0.3016825024480819,0.022454842390665974,False,False,negative,negative,0.377541 0.622459,0.0534033 0.946597,0.0758582 0.924142,1.0133103816345694,0.9962948464760449
sqa,LLaMA-3-3B,9d2f5beb0ffe85faf16d,5,Can a computer be programmed entirely in Boolean algebra?,"Step 6: But, these languages are not as widely used as other programming languages, and most computers are programmed using more conventional languages.",1.0,1.0,0.0,0.8,1.0,0.19999999999999996,0.2738141841823643,0.12245932200212728,-0.15135486218023703,True,True,moderate,neutral,0.377541 0.622459,0.651355 0.348645,0.5 0.5,1.0105793935230845,0.9833471904683873
sqa,LLaMA-3-3B,9d2f5beb0ffe85faf16d,6,Can a computer be programmed entirely in Boolean algebra?,"Step 7: Therefore, while it is technically possible to program a computer entirely in Boolean algebra, it is not a common practice and is not the preferred method of programming.",1.0,0.9999999999996734,-3.2662761384472105e-13,1.0,1.0,0.0,-0.301682499246291,0.09124993964509209,0.3929324388913831,False,False,negative,neutral,0.377541 0.622459,0.0758582 0.924142,0.468791 0.531209,1.0126315243674948,0.9724237066455594
sqa,LLaMA-3-3B,9deedbba0ca784be1855,1,Does Amtrak operate four wheel vehicles?,Amtrak is a passenger railroad service in the United States.,1.0,1.0,0.0,1.0,0.9,-0.09999999999999998,0.2553979636969964,0.2249078628331035,-0.03049010086389292,False,False,moderate,neutral,0.182426 0.817574,0.437823 0.562177,0.407333 0.592667,0.9819899864445895,0.920646754796382
sqa,LLaMA-3-3B,9deedbba0ca784be1855,3,Does Amtrak operate four wheel vehicles?,"The primary focus of Amtrak is on transporting people, not goods or vehicles.",1.0,1.0,0.0,0.8,0.8,0.0,0.4102410465028333,0.3487838366569438,-0.06145720984588948,True,True,moderate,moderate,0.182426 0.817574,0.592667 0.407333,0.531209 0.468791,0.9845935549469073,0.9405915538649119
sqa,LLaMA-3-3B,9deedbba0ca784be1855,5,Does Amtrak operate four wheel vehicles?,"The vehicles Amtrak operates are typically designed for passenger comfort and safety, which often means they are designed with two wheels in the front and two wheels in the back, similar to a typical car or train car.",1.0,1.0,0.0,0.9,0.9,0.0,0.34878384192728784,0.46892932080185795,0.12014547887457011,True,True,moderate,moderate,0.182426 0.817574,0.531209 0.468791,0.651355 0.348645,0.9964709142327769,0.978675284821477
sqa,LLaMA-3-3B,9deedbba0ca784be1855,7,Does Amtrak operate four wheel vehicles?,"There is no common practice or requirement for Amtrak to operate four-wheeled vehicles, as their primary focus is on transporting people, not goods that would require four wheels.",1.0,1.0,0.0,0.9,0.8,-0.09999999999999998,0.25539797557649846,0.6695272776592237,0.41412930208272525,False,True,moderate,high,0.182426 0.817574,0.437824 0.562176,0.851953 0.148047,0.9947264746473524,0.9902126334882732
sqa,LLaMA-3-3B,a7c566e2adbb58be2da8,1,Is 3D printing able to make adenovirus?,Adenovirus is a type of virus.,0.9999999999999993,1.0,6.661338147750939e-16,0.9,0.9,0.0,-0.011262140439960433,0.5187777267692073,0.5300398672091677,False,True,neutral,high,0.0124317 0.987568,0.00116951 0.99883,0.531209 0.468791,0.9985418990214964,0.9457673247055554
sqa,LLaMA-3-3B,a7c566e2adbb58be2da8,3,Is 3D printing able to make adenovirus?,3D printing is a technology used to create physical objects from digital designs.,1.0,1.0,0.0,0.9,0.9,0.0,0.6933533695951644,0.7857551290912018,0.09240175949603746,True,True,high,high,0.0124317 0.987568,0.705785 0.294215,0.798187 0.201813,1.0078469065368012,0.9657236072741873
sqa,LLaMA-3-3B,a7c566e2adbb58be2da8,5,Is 3D printing able to make adenovirus?,The process of 3D printing does not involve biological processes or the creation of living organisms.,1.0,1.0,0.0,0.8,0.8,0.0,0.8546041057379684,0.8230518946863988,-0.03155221105156958,True,True,high,high,0.0124317 0.987568,0.867036 0.132964,0.835484 0.164516,0.9994193492885901,0.9628149978160473
sqa,LLaMA-3-3B,a7c566e2adbb58be2da8,7,Is 3D printing able to make adenovirus?,"Given that adenovirus is a virus and 3D printing is a technology that does not create living organisms, it is not possible for 3D printing to make adenovirus.",1.0,1.0,0.0,1.0,0.8,-0.19999999999999996,-0.001444707233900222,0.6100276760364057,0.611472383270306,False,True,neutral,high,0.0124317 0.987568,0.0109869 0.989013,0.622459 0.377541,1.0029664683436634,0.9393651106891292
sqa,LLaMA-3-3B,b002c8cef0a1b3f84f7a,1,Could a chipmunk fit 100 chocolate chips in his mouth?,"A chipmunk's mouth is designed to hold and store nuts and seeds, not chocolate chips.",1.0,1.0,0.0,0.8,1.0,0.19999999999999996,0.6482243821628895,0.18752437214898443,-0.46070001001390504,True,False,high,neutral,0.106691 0.893309,0.754915 0.245085,0.294215 0.705785,1.0099734784524834,0.9342065379620396
sqa,LLaMA-3-3B,b002c8cef0a1b3f84f7a,3,Could a chipmunk fit 100 chocolate chips in his mouth?,"Chocolate chips are small and irregularly shaped, making them difficult to fit into a chipmunk's mouth.",1.0,1.0,0.0,0.9,1.0,0.09999999999999998,-0.07360461939633445,0.11600954620188342,0.18961416559821787,False,False,neutral,neutral,0.106691 0.893309,0.033086 0.966914,0.2227 0.7773,0.9723983254873794,0.933378591851865
sqa,LLaMA-3-3B,b002c8cef0a1b3f84f7a,5,Could a chipmunk fit 100 chocolate chips in his mouth?,"The size of a chipmunk's mouth is limited, and it's not designed to accommodate large or irregular objects like chocolate chips.",1.0,1.0,0.0,0.8,0.9,0.09999999999999998,0.36210003248208156,0.041356592474537046,-0.3207434400075445,False,False,moderate,neutral,0.106691 0.893309,0.468791 0.531209,0.148047 0.851953,1.026084577246879,0.9534559410316474
sqa,LLaMA-3-3B,b002c8cef0a1b3f84f7a,7,Could a chipmunk fit 100 chocolate chips in his mouth?,"Even if a chipmunk could somehow manage to fit a chocolate chip in its mouth, it's unlikely that it could fit 100 of them.",1.0,1.0,0.0,0.8,0.9,0.09999999999999998,-0.059264723798070795,0.11600955613802844,0.17527427993609923,False,False,neutral,neutral,0.106691 0.893309,0.0474259 0.952574,0.2227 0.7773,1.0063833736028092,0.984750210669947
sqa,LLaMA-3-3B,d424e393a4daff536f57,1,Is the span in C-SPAN named after Alan Greenspan?,"The question is asking about the origin of the name ""C-SPAN"" and its relation to Alan Greenspan.",0.99999999999886,1.0,1.1399770016851107e-12,1.0,1.0,0.0,0.2733954408340993,-0.02581053928354793,-0.2992059801176472,False,False,moderate,neutral,0.0474259 0.952574,0.320821 0.679179,0.0216153 0.978385,1.0227133938183977,0.9367740652294825
sqa,LLaMA-3-3B,d424e393a4daff536f57,11,Is the span in C-SPAN named after Alan Greenspan?,"There is no direct connection between Alan Greenspan and the name ""C-SPAN"".",0.9999999999999993,0.9999999999999998,4.440892098500626e-16,1.0,0.9,-0.09999999999999998,-0.047129915247793086,0.1752742668486481,0.2224041820964412,False,False,neutral,neutral,0.0474259 0.952574,0.000295957 0.999704,0.2227 0.7773,1.0316367900189793,0.8741319477173917
sqa,LLaMA-3-3B,d424e393a4daff536f57,13,Is the span in C-SPAN named after Alan Greenspan?,"Therefore, the correct answer is that the span in C-SPAN is not named after Alan Greenspan.",0.9999999999996734,0.9999999966017322,-3.397941150673489e-09,0.9,1.0,0.09999999999999998,-0.03771739519870332,-0.018113640649942586,0.019603754548760732,False,False,neutral,neutral,0.0474259 0.952574,0.00970848 0.990292,0.0293122 0.970688,1.0149159982826514,0.9108248493284093
sqa,LLaMA-3-3B,d424e393a4daff536f57,3,Is the span in C-SPAN named after Alan Greenspan?,C-SPAN is a non-profit organization that provides public access to government proceedings and other public events.,1.0,1.0,0.0,0.9,0.9,0.0,0.6039289810885149,0.6039289775589611,-3.5295537603730054e-09,True,True,high,high,0.0474259 0.952574,0.651355 0.348645,0.651355 0.348645,1.0250297952867622,0.9892327913915024
sqa,LLaMA-3-3B,d424e393a4daff536f57,5,Is the span in C-SPAN named after Alan Greenspan?,"The name ""C-SPAN"" is derived from the phrase ""Consumer Television Public Access Network"".",1.0,1.0,0.0,0.9,0.8,-0.09999999999999998,0.5147506283889527,0.3301148099528224,-0.1846358184361303,True,False,high,moderate,0.0474259 0.952574,0.562177 0.437823,0.377541 0.622459,1.0220087687394668,0.9553620643468005
sqa,LLaMA-3-3B,d424e393a4daff536f57,7,Is the span in C-SPAN named after Alan Greenspan?,"The name ""C-SPAN"" does not directly reference Alan Greenspan.",1.0,0.9999999999998457,-1.5432100042289676e-13,1.0,0.9,-0.09999999999999998,0.2467890992501054,0.1543873478512915,-0.0924017513988139,False,False,neutral,neutral,0.0474259 0.952574,0.294215 0.705785,0.201813 0.798187,1.0246557681186683,0.9141680287812551
sqa,LLaMA-3-3B,d424e393a4daff536f57,9,Is the span in C-SPAN named after Alan Greenspan?,Alan Greenspan is a well-known American economist and former Chairman of the Federal Reserve.,1.0,1.0,0.0,1.0,0.9,-0.09999999999999998,0.11709058634490366,0.3903976367172135,0.27330705037230985,False,False,neutral,moderate,0.0474259 0.952574,0.164516 0.835484,0.437824 0.562176,0.9941606116427621,0.9354170163617034
sqa,LLaMA-3-3B,e2d24b9e3cb4133c68b0,1,Would Franz Ferdinand have survived with armadillo armor?,"Franz Ferdinand was assassinated by Gavrilo Princip, a Serbian nationalist, in Sarajevo, Bosnia, on June 28, 1914.",1.0,1.0,0.0,1.0,0.9,-0.09999999999999998,-0.10208102525336016,0.2419545577036616,0.34403558295702175,False,False,neutral,neutral,0.106691 0.893309,0.00460957 0.99539,0.348645 0.651355,1.0095407074395832,0.8753600396800242
sqa,LLaMA-3-3B,e2d24b9e3cb4133c68b0,3,Would Franz Ferdinand have survived with armadillo armor?,"Armadillo armor is a type of protective gear, but it's not designed for human use, especially not for someone who was shot at close range.",1.0,1.0,0.0,1.0,1.0,0.0,0.1160095348828355,0.3006428250960095,0.18463329021317398,False,False,neutral,moderate,0.106691 0.893309,0.2227 0.7773,0.407333 0.592667,0.9967892107514738,0.9356342168631617
sqa,LLaMA-3-3B,e2d24b9e3cb4133c68b0,5,Would Franz Ferdinand have survived with armadillo armor?,The armor would not have been able to withstand the high-velocity bullets used in the assassination.,1.0,1.0,0.0,0.9,1.0,0.09999999999999998,0.13839441393611895,0.18752438682478212,0.049129972888663165,False,False,neutral,neutral,0.106691 0.893309,0.245085 0.754915,0.294215 0.705785,1.00867935850371,0.9775267697756674
sqa,LLaMA-3-3B,e2d24b9e3cb4133c68b0,7,Would Franz Ferdinand have survived with armadillo armor?,"Even if the armor had somehow managed to stop the initial bullet, the subsequent shots would have been too fast and powerful for the armor to protect against.",1.0,1.0,0.0,1.0,1.0,0.0,0.16225085601161615,-0.05328726475587764,-0.2155381207674938,False,False,neutral,neutral,0.106691 0.893309,0.268941 0.731059,0.0534033 0.946597,1.0070052862630807,0.9568266532381567
sqa,LLaMA-3-3B,e2d24b9e3cb4133c68b0,9,Would Franz Ferdinand have survived with armadillo armor?,"Therefore, it's highly unlikely that Franz Ferdinand would have survived with armadillo armor.",1.0,0.9999999999998019,-1.9806378759312793e-13,1.0,1.0,0.0,0.05782585361552994,0.18752436133512507,0.12969850771959512,False,False,neutral,neutral,0.106691 0.893309,0.164516 0.835484,0.294215 0.705785,0.9727731961430799,0.9131061723610211
sqa,LLaMA-3-3B,e51ea4cf89bc91a77f3c,1,Did any country in Portuguese Colonial War share Switzerlands role in WWII?,**Understanding the Question**: The question asks if any country in Portuguese Colonial War shared Switzerland's role in WWII.,1.0,1.0,0.0,1.0,0.9,-0.09999999999999998,-0.06487123640683956,0.1692268288266069,0.23409806523344645,False,False,neutral,neutral,0.0758582 0.924142,0.0109869 0.989013,0.245085 0.754915,1.0143683990854453,0.807992556717729
sqa,LLaMA-3-3B,e51ea4cf89bc91a77f3c,2,Did any country in Portuguese Colonial War share Switzerlands role in WWII?,"This means we are looking for a country that, like Switzerland, remained neutral during WWII and was not invaded or occupied by any of the major powers (Axis or Allies).",1.0,1.0,0.0,0.9,1.0,0.09999999999999998,-0.05787196874428857,0.030832415737363283,0.08870438448165185,False,False,neutral,neutral,0.0758582 0.924142,0.0179862 0.982014,0.106691 0.893309,1.006216357513928,0.9473986763497535
sqa,LLaMA-3-3B,ed08e2d4bbe5bbf1b01d,1,Could Oprah Winfrey buy dozens of her staff Bugatti luxury cars?,Oprah Winfrey is a billionaire with a net worth of over $2.6 billion.,1.0,1.0,0.0,1.0,0.9,-0.09999999999999998,-0.1644393073723649,0.040274634937806586,0.20471394231017148,False,False,neutral,neutral,0.182426 0.817574,0.0179862 0.982014,0.2227 0.7773,1.0204761716565018,0.6941579282787897
sqa,LLaMA-3-3B,ed08e2d4bbe5bbf1b01d,11,Could Oprah Winfrey buy dozens of her staff Bugatti luxury cars?,"More likely, she would use her wealth to support charitable causes or invest in other business ventures.",1.0,1.0,0.0,0.9,0.9,0.0,0.5948743386845516,0.22490789806080547,-0.3699664406237462,True,False,high,neutral,0.182426 0.817574,0.7773 0.2227,0.407333 0.592667,1.0126921947237535,0.974255544168867
sqa,LLaMA-3-3B,ed08e2d4bbe5bbf1b01d,3,Could Oprah Winfrey buy dozens of her staff Bugatti luxury cars?,Bugatti is a luxury car brand known for its high-end vehicles.,1.0,1.0,0.0,1.0,1.0,0.0,0.16621961420956777,-0.0179090667436832,-0.18412868095325097,False,False,neutral,neutral,0.182426 0.817574,0.348645 0.651355,0.164516 0.835484,0.9913304176042025,0.9426872417079658
sqa,LLaMA-3-3B,ed08e2d4bbe5bbf1b01d,5,Could Oprah Winfrey buy dozens of her staff Bugatti luxury cars?,"The cost of a Bugatti car can range from $2 million to over $3 million, depending on the model.",1.0,1.0,0.0,0.9,0.9,0.0,-0.12233886706956865,0.08651593198422025,0.2088547990537889,False,False,neutral,neutral,0.182426 0.817574,0.0600867 0.939913,0.268941 0.731059,1.0191228064352742,0.8966017576476405
sqa,LLaMA-3-3B,ed08e2d4bbe5bbf1b01d,7,Could Oprah Winfrey buy dozens of her staff Bugatti luxury cars?,"If Oprah Winfrey were to buy dozens of Bugatti cars, the total cost would be substantial, likely in the hundreds of millions of dollars.",1.0,1.0,0.0,1.0,1.0,0.0,-0.14033778917434692,0.1117894596121014,0.2521272487864483,False,False,neutral,neutral,0.182426 0.817574,0.0420877 0.957912,0.294215 0.705785,0.9987272069352988,0.8873484094829941
sqa,LLaMA-3-3B,ed08e2d4bbe5bbf1b01d,9,Could Oprah Winfrey buy dozens of her staff Bugatti luxury cars?,"Given her wealth, Oprah Winfrey could afford to buy dozens of Bugatti cars, but it's unlikely she would do so for personal use.",1.0,1.0,0.0,1.0,1.0,0.0,0.08651592927722207,-0.17530408997026492,-0.261820019247487,False,False,neutral,neutral,0.182426 0.817574,0.268941 0.731059,0.00712143 0.992879,1.0002022257125267,0.9870265880125089
sqa,LLaMA-3-3B,f231532fe17fd971d1e6,1,Is a Boeing 737 cost covered by Wonder Woman (2017 film) box office receipts?,"The cost of a Boeing 737 is a significant expense for an airline, likely in the millions of dollars.",1.0,1.0,0.0,1.0,1.0,0.0,0.1479693104281773,0.21038805023310675,0.06241873980492946,False,True,neutral,neutral,0.320821 0.679179,0.468791 0.531209,0.531209 0.468791,0.990779503163696,0.9103370611443412
sqa,LLaMA-3-3B,f231532fe17fd971d1e6,3,Is a Boeing 737 cost covered by Wonder Woman (2017 film) box office receipts?,"The box office receipts from a film like Wonder Woman (2017) are primarily generated from ticket sales, not from the purchase of airplanes.",1.0,1.0,0.0,0.9,0.9,0.0,-0.31675118104631883,0.14796929780383217,0.464720478850151,False,False,negative,neutral,0.320821 0.679179,0.00407014 0.99593,0.468791 0.531209,1.0263707309312513,0.862189684348132
sqa,LLaMA-3-3B,f231532fe17fd971d1e6,5,Is a Boeing 737 cost covered by Wonder Woman (2017 film) box office receipts?,The cost of a Boeing 737 is not directly related to the box office receipts of a film.,1.0,0.9999999999705992,-2.940081511582093e-11,0.9,0.8,-0.09999999999999998,-0.17277413917647189,-1.1346164008330106e-08,0.17277412783030788,False,False,neutral,neutral,0.320821 0.679179,0.148047 0.851953,0.320821 0.679179,1.0137276402652664,0.9128279905737839
sqa,LLaMA-3-3B,f233f8748574df6f4727,1,Do frogs feel disgust?,"Disgust is a complex emotion that involves a strong feeling of distaste or revulsion, often in response to something considered unclean or repulsive.",1.0,1.0,0.0,0.8,0.9,0.09999999999999998,0.32831277765656885,0.06476668492538795,-0.2635460927311809,False,False,moderate,neutral,0.0203324 0.979668,0.348645 0.651355,0.085099 0.914901,0.9707490563679094,0.9281260768121712
sqa,LLaMA-3-3B,f233f8748574df6f4727,11,Do frogs feel disgust?,"However, it's essential to note that the neural mechanisms underlying disgust in humans and other animals are not yet fully understood, and it's challenging to directly compare the emotional experiences of different species.",1.0,1.0,0.0,0.8,1.0,0.19999999999999996,0.03975429543465725,0.22475264741972534,0.1849983519850681,False,False,neutral,neutral,0.0203324 0.979668,0.0600866 0.939913,0.245085 0.754915,1.000050107007547,0.9664750668435337
sqa,LLaMA-3-3B,f233f8748574df6f4727,13,Do frogs feel disgust?,"Given the complexity of human emotions and the limited understanding of animal emotions, it's difficult to definitively say whether frogs feel disgust in the same way humans do.",1.0,1.0,0.0,0.8,0.9,0.09999999999999998,0.7345826312626236,0.32831278739636827,-0.4062698438662553,True,False,high,moderate,0.0203324 0.979668,0.754915 0.245085,0.348645 0.651355,1.0375565435803158,0.9794517456500837
sqa,LLaMA-3-3B,f233f8748574df6f4727,3,Do frogs feel disgust?,"Emotions like disgust are typically associated with the brain's limbic system, which is also involved in processing emotions like fear, anger, and pleasure.",1.0,1.0,0.0,1.0,0.8,-0.19999999999999996,0.47966764629462777,0.41749114289119427,-0.0621765034034335,True,False,moderate,moderate,0.0203324 0.979668,0.5 0.5,0.437823 0.562177,1.0169297110214222,0.9466942243341859
sqa,LLaMA-3-3B,f233f8748574df6f4727,5,Do frogs feel disgust?,"While we can't directly ask a frog how it feels, we can look at its behavior and physiology to make an educated guess.",1.0,1.0,0.0,1.0,1.0,0.0,-0.017159670862597065,-0.01916284353511588,-0.002003172672518816,False,False,neutral,neutral,0.0203324 0.979668,0.00317268 0.996827,0.00116951 0.99883,1.0353984517195196,1.0423775120229424
sqa,LLaMA-3-3B,f233f8748574df6f4727,7,Do frogs feel disgust?,"Frogs have a relatively simple nervous system compared to humans, but they still exhibit behaviors that could be interpreted as disgust responses.",1.0,1.0,0.0,1.0,1.0,0.0,-5.399680702566911e-12,0.30048896373292067,0.30048896373832035,False,False,neutral,moderate,0.0203324 0.979668,0.0203324 0.979668,0.320821 0.679179,0.9785246735327593,0.911692100001909
sqa,LLaMA-3-3B,f233f8748574df6f4727,9,Do frogs feel disgust?,"For example, some studies have shown that frogs will avoid eating certain foods or surfaces that are contaminated with certain substances, which could be seen as a form of disgust response.",1.0,1.0,0.0,1.0,1.0,0.0,0.012753624281625964,-0.004425961907604581,-0.017179586189230545,False,False,neutral,neutral,0.0203324 0.979668,0.033086 0.966914,0.0159064 0.984094,0.9723167086409724,0.9585735248720217
sqa,LLaMA-3-3B,f3d045e08844bf0d4e53,1,Was a person sold a Creative Commons License for Boticelli's The Birth of Venus ripped off?,"**Understanding the Question**: The question is asking if a person was sold a Creative Commons License for Boticelli's ""The Birth of Venus"" and if the license was ripped off.",1.0,1.0,0.0,1.0,1.0,0.0,-0.08917835345013947,-0.31862058053350484,-0.22944222708336537,False,False,neutral,negative,0.437824 0.562176,0.348645 0.651355,0.119203 0.880797,0.9940280629689906,0.8669352245209917
sqa,Phi-3,00dc05718aedf2370213,1,Did either Kublai Khan or his grandfather practice monogamy?,Kublai Khan was a Mongol emperor who ruled from 1260 to 1294.,0.9999999999993086,0.9999999999999873,6.787903572558207e-13,1.0,0.9,-0.09999999999999998,-0.031519482884422745,0.08553836356660482,0.11705784645102757,False,False,neutral,neutral,0.0474259 0.952574,0.0159064 0.984094,0.132964 0.867036,0.3214555508477464,10.785441562243825
sqa,Phi-3,00dc05718aedf2370213,3,Did either Kublai Khan or his grandfather practice monogamy?,"His grandfather was Genghis Khan, the founder of the Mongol Empire.",0.9999999998682348,0.9999999999998799,1.3164502821183532e-10,1.0,0.9,-0.09999999999999998,0.005977457574913303,0.059264714316514255,0.05328725674160095,False,False,neutral,neutral,0.0474259 0.952574,0.0534033 0.946597,0.106691 0.893309,0.11956226672928268,7.303457717051809
sqa,Phi-3,00dc05718aedf2370213,5,Did either Kublai Khan or his grandfather practice monogamy?,"Genghis Khan was known for his polygamous lifestyle, as he had multiple wives and concubines.",1.0,0.9999999999934398,-6.5601968302075875e-12,1.0,0.9,-0.09999999999999998,-0.02146851465439792,0.03767317579255458,0.0591416904469525,False,False,neutral,neutral,0.0474259 0.952574,0.0259574 0.974043,0.085099 0.914901,0.1043397938187137,5.695753403920126
sqa,Phi-3,00dc05718aedf2370213,7,Did either Kublai Khan or his grandfather practice monogamy?,There is no historical evidence to suggest that Kublai Khan practiced monogamy.,0.9999999881388798,0.9999869927023459,-1.2995436533880245e-05,0.9,0.9,0.0,0.19765911447692308,0.7074891337881539,0.5098300193112308,False,True,neutral,high,0.0474259 0.952574,0.245085 0.754915,0.754915 0.245085,0.12988787149533174,8.403065794693209
sqa,Phi-3,00f951d01196c2e77fe6,1,Would the high school class of 2010 have lived through the Presidency of Richard Nixon?,The high school class of 2010 would have been born around 1995.,0.9999999999998019,0.9999999999981205,-1.6814327707947996e-12,1.0,0.9,-0.09999999999999998,-0.056719385029813885,0.1846358245212366,0.2413552095510505,False,True,neutral,neutral,0.377541 0.622459,0.320821 0.679179,0.562176 0.437824,0.046311501174547326,12.394806094597122
sqa,Phi-3,00f951d01196c2e77fe6,3,Would the high school class of 2010 have lived through the Presidency of Richard Nixon?,Richard Nixon's Presidency was from 1969 to 1974.,0.9999999317439663,0.9999997617630333,-1.6998093299580574e-07,1.0,0.9,-0.09999999999999998,0.24491866810405089,0.2449186644145392,-3.6895116961588315e-09,True,True,neutral,neutral,0.377541 0.622459,0.622459 0.377541,0.622459 0.377541,0.07648745597028465,4.67343962792223
sqa,Phi-3,00f951d01196c2e77fe6,5,Would the high school class of 2010 have lived through the Presidency of Richard Nixon?,"Since the class of 2010 was born after Nixon's Presidency, they would not have lived through it.",0.9999038883479386,0.9999952148826079,9.1326534669256e-05,1.0,0.9,-0.09999999999999998,-0.19511515522788003,0.18463582750570118,0.3797509827335812,False,True,neutral,neutral,0.377541 0.622459,0.182426 0.817574,0.562176 0.437824,0.05327608417220441,11.41083805227383
sqa,Phi-3,06f7878425a995c2a633,1,Should spaghetti be slick when cooked?,Spaghetti is a type of pasta.,0.9999996072136454,0.9999999999999972,3.927863517771968e-07,1.0,0.9,-0.09999999999999998,0.08332571149925583,-0.07151485048787865,-0.15484056198713447,False,False,neutral,neutral,0.294215 0.705785,0.377541 0.622459,0.2227 0.7773,0.16798950711422433,6.973000844127222
sqa,Phi-3,06f7878425a995c2a633,3,Should spaghetti be slick when cooked?,Pasta is typically cooked in boiling water.,0.9999999748900085,0.9999999999999873,2.51099788739495e-08,1.0,0.9,-0.09999999999999998,0.23699441971063007,-0.025273561593906813,-0.2622679813045369,True,False,neutral,neutral,0.294215 0.705785,0.531209 0.468791,0.268941 0.731059,0.15813663927624083,3.0973438892584153
sqa,Phi-3,06f7878425a995c2a633,5,Should spaghetti be slick when cooked?,"When pasta is cooked, it absorbs water and becomes soft.",0.9997965316309894,0.9999999847700203,0.000203453139030918,1.0,0.9,-0.09999999999999998,0.14360854106545173,-0.11178947067338729,-0.255398011738839,False,False,neutral,neutral,0.294215 0.705785,0.437824 0.562176,0.182426 0.817574,0.12169254755415175,2.18619155918121
sqa,Phi-3,06f7878425a995c2a633,7,Should spaghetti be slick when cooked?,"The texture of cooked pasta should be tender and slightly firm, not slick.",0.9999999999993086,0.9999999994094696,-5.898389554559458e-10,1.0,0.9,-0.09999999999999998,0.29845159752150463,0.143608524855533,-0.15484307266597164,True,False,moderate,neutral,0.294215 0.705785,0.592667 0.407333,0.437824 0.562176,0.1557347028656638,5.485950950953119
sqa,Phi-3,136496e0b5e8bed459da,0,Would it be impossible to use an Iwato scale for a twelve-tone technique composition?,The Iwato scale is a Japanese pentatonic scale that consists of five notes.,0.9999988634349976,0.9999999999979993,1.1365630017134976e-06,1.0,1.0,0.0,-0.08707603977147382,0.13839580538692786,0.22547184515840168,False,False,neutral,neutral,0.182426 0.817574,0.0953495 0.904651,0.320821 0.679179,0.023495861885674003,13.711064265650329
sqa,Phi-3,1f550df826ae448ff082,1,Has the Subway restaurant franchise had any connections with child abusers?,The question asks about the Subway restaurant franchise and its connections with child abusers.,0.9999898699064014,0.9999999999999997,1.0130093598292866e-05,1.0,1.0,0.0,-0.018367800334461393,0.245964032080358,0.2643318324148194,False,False,neutral,neutral,0.0229774 0.977023,0.00460957 0.99539,0.268941 0.731059,0.03014970814833384,12.190596774567366
sqa,Phi-3,1f550df826ae448ff082,3,Has the Subway restaurant franchise had any connections with child abusers?,The information provided states that Subway has been involved in a lawsuit over a former employee who was accused of child abuse.,1.0,0.999999999241744,-7.582560135332983e-10,1.0,1.0,0.0,-0.022597387712091077,0.12506982936467603,0.1476672170767671,False,False,neutral,neutral,0.0229774 0.977023,0.000379985 0.99962,0.148047 0.851953,0.07230189372894026,7.516052132998109
sqa,Phi-3,1f550df826ae448ff082,5,Has the Subway restaurant franchise had any connections with child abusers?,"However, the information does not mention any direct connections between Subway and child abusers.",0.9999998555019753,0.9999999999999998,1.4449802443472493e-07,1.0,1.0,0.0,-0.00707098214520907,0.7543224803022595,0.7613934624474685,False,True,neutral,high,0.0229774 0.977023,0.0159064 0.984094,0.7773 0.2227,0.06365108155352177,5.883864636287981
sqa,Phi-3,1f550df826ae448ff082,7,Has the Subway restaurant franchise had any connections with child abusers?,"The lawsuit was about a specific incident involving a former employee, not a systemic issue within the franchise.",0.9999999999999987,0.9999938557876467,-6.14421235201057e-06,0.9,1.0,0.09999999999999998,0.030425956384720898,0.09622555536652322,0.06579959898180232,False,False,neutral,neutral,0.0229774 0.977023,0.0534033 0.946597,0.119203 0.880797,0.17190917344050308,2.7924617696622875
sqa,Phi-3,24f0e80c50384b28484e,1,Does Neville Longbottom have more courage as a child than as an adult?,Neville Longbottom is a character from the Harry Potter series.,0.999999999241744,0.9999999999999923,7.582483529944284e-10,1.0,1.0,0.0,-1.3582445168580648e-09,-0.06145721479409172,-0.0614572134358472,False,False,neutral,neutral,0.468791 0.531209,0.468791 0.531209,0.407333 0.592667,0.2233310910694015,4.283793647837574
sqa,Phi-3,24f0e80c50384b28484e,3,Does Neville Longbottom have more courage as a child than as an adult?,"As a child, Neville is often portrayed as timid and lacking confidence.",0.9999999999999998,0.9999999999998457,-1.5409895581797173e-13,1.0,0.9,-0.09999999999999998,0.09338588917482271,-0.09124997873537166,-0.18463586791019437,True,False,neutral,neutral,0.468791 0.531209,0.562177 0.437823,0.377541 0.622459,0.06663178503785318,3.7001104260249953
sqa,Phi-3,24f0e80c50384b28484e,5,Does Neville Longbottom have more courage as a child than as an adult?,"Throughout the series, Neville grows and develops, gaining more courage and self-assurance.",0.9999999943972036,0.999999999241744,4.844540435477995e-09,1.0,0.9,-0.09999999999999998,0.18256427670537534,1.889595147019918e-09,-0.1825642748157802,True,False,neutral,neutral,0.468791 0.531209,0.651355 0.348645,0.468791 0.531209,0.1034323783555718,4.371215049467613
sqa,Phi-3,24f0e80c50384b28484e,7,Does Neville Longbottom have more courage as a child than as an adult?,"By the end of the series, Neville is depicted as a brave and courageous young man.",0.9999999999985362,0.9999970976795913,-2.9023189448418307e-06,1.0,0.9,-0.09999999999999998,0.1238759889029381,-0.030967126265561307,-0.1548431151684994,True,False,neutral,neutral,0.468791 0.531209,0.592667 0.407333,0.437823 0.562177,0.10421065870012573,1.9442301436001974
sqa,Phi-3,2c71a9a0b7d73c151442,1,Did Native American tribes teach Spaniards how to cultivate maize?,The question asks if Native American tribes taught Spaniards how to cultivate maize.,0.9999999997210532,0.9999999999969011,2.7584790007750826e-10,1.0,0.9,-0.09999999999999998,-0.3256677604354279,0.2738141865138744,0.5994819469493022,False,True,negative,moderate,0.651355 0.348645,0.977023 0.0229774,0.377541 0.622459,0.057434082956999186,8.746341269749669
sqa,Phi-3,2c71a9a0b7d73c151442,3,Did Native American tribes teach Spaniards how to cultivate maize?,The passage states that Native Americans taught the Spaniards how to cultivate maize.,0.9999999999999998,0.9999999881388798,-1.186111997508732e-08,1.0,1.0,0.0,-0.18412867859386028,0.38241345361331536,0.5665421322071756,False,True,neutral,moderate,0.651355 0.348645,0.835484 0.164516,0.268941 0.731059,0.06823216953834498,4.50937310652057
sqa,Phi-3,2c71a9a0b7d73c151442,5,Did Native American tribes teach Spaniards how to cultivate maize?,"Therefore, the answer is (A) Yes.",0.5276334472589853,0.995913228561536,0.46827978130255066,0.9,1.0,0.09999999999999998,0.08917836013792735,0.21353136758425728,0.12435300744632993,False,True,neutral,neutral,0.651355 0.348645,0.562177 0.437823,0.437824 0.562176,0.011996359681462487,6.313495505260908
sqa,Phi-3,4a915ea5d025292cd7ec,1,Did Japanese serfdom have higher status than English counterpart?,"Japanese serfdom, known as ""heimin,"" existed in feudal Japan, particularly during the Edo period (1603-1868).",1.0,1.0,0.0,1.0,0.9,-0.09999999999999998,-0.010250429642500669,0.2254718360900877,0.23572226573258837,False,False,neutral,neutral,0.0953495 0.904651,0.085099 0.914901,0.320821 0.679179,0.25450673739338137,4.5971324094157415
sqa,Phi-3,4a915ea5d025292cd7ec,10,Did Japanese serfdom have higher status than English counterpart?,English villeins were also bound to the land but had more rights and freedoms compared to Japanese heimin.,1.0,0.9999999999915765,-8.423484132435988e-12,1.0,1.0,0.0,-0.010250426900325293,0.10646375664620333,0.11671418354652863,False,False,neutral,neutral,0.0953495 0.904651,0.085099 0.914901,0.201813 0.798187,0.25485494760363697,3.052911972332342
sqa,Phi-3,4a915ea5d025292cd7ec,12,Did Japanese serfdom have higher status than English counterpart?,"Villeins could own property, marry without permission, and had some legal protections.",0.9999999999999873,0.9999999999995807,-4.0667469392019484e-13,1.0,0.9,-0.09999999999999998,0.052697734742311764,0.03761477141684588,-0.015082963325465881,False,False,neutral,neutral,0.0953495 0.904651,0.148047 0.851953,0.132964 0.867036,0.16011256806280552,3.392683108792393
sqa,Phi-3,4a915ea5d025292cd7ec,14,Did Japanese serfdom have higher status than English counterpart?,"Copyholders were tenants who held land by custom and had some rights and responsibilities, but they were not as restricted as Japanese heimin.",1.0,0.9999999999998457,-1.5432100042289676e-13,1.0,0.9,-0.09999999999999998,-0.019491284729950986,0.05269773215521145,0.07218901688516244,False,False,neutral,neutral,0.0953495 0.904651,0.0758582 0.924142,0.148047 0.851953,0.324154430572834,3.070127656242546
sqa,Phi-3,4a915ea5d025292cd7ec,16,Did Japanese serfdom have higher status than English counterpart?,"Overall, English peasants had more rights and freedoms compared to Japanese serfs.",0.9999999881388798,0.9999785545916834,-2.1433547196414438e-05,0.9,1.0,0.09999999999999998,-0.035262815910792056,0.08707604528273993,0.12233886119353199,False,False,neutral,neutral,0.0953495 0.904651,0.0600867 0.939913,0.182426 0.817574,0.11909220307748297,4.436364316708341
sqa,Phi-3,4a915ea5d025292cd7ec,3,Did Japanese serfdom have higher status than English counterpart?,Heimin were peasants who worked on the land owned by the daimyo (feudal lords) and were bound to the land.,0.9999999999948909,1.0,5.109135337022508e-12,1.0,0.9,-0.09999999999999998,0.03761478387583839,0.052697733143498904,0.015082949267660517,False,False,neutral,neutral,0.0953495 0.904651,0.132964 0.867036,0.148047 0.851953,0.20171795591347552,2.696261523100098
sqa,Phi-3,4a915ea5d025292cd7ec,5,Did Japanese serfdom have higher status than English counterpart?,"They had limited rights and were subject to various restrictions, such as not being allowed to leave the land without permission.",1.0,0.9999999999999064,-9.35918009759007e-14,1.0,0.9,-0.09999999999999998,0.17359193488432068,-0.010250414382921735,-0.1838423492672424,False,False,neutral,neutral,0.0953495 0.904651,0.268941 0.731059,0.0850991 0.914901,0.11016858247962456,1.840977315288917
sqa,Phi-3,4a915ea5d025292cd7ec,7,Did Japanese serfdom have higher status than English counterpart?,"In England, the equivalent of serfdom was not present during the same period.",0.9999999999993086,0.9999999998973812,-1.0192735544478637e-10,1.0,0.9,-0.09999999999999998,-2.9877165186320553e-09,0.12735066752471547,0.12735067051243198,False,False,neutral,neutral,0.0953495 0.904651,0.0953495 0.904651,0.2227 0.7773,0.2539078904865593,5.077718211870472
sqa,Phi-3,4a915ea5d025292cd7ec,8,Did Japanese serfdom have higher status than English counterpart?,"Instead, there were different forms of labor and land tenure, such as villeinage and copyhold.",1.0,0.9999999999999999,-1.1102230246251565e-16,1.0,1.0,0.0,0.01134112601101478,0.023853464346971776,0.012512338335956996,False,False,neutral,neutral,0.0953495 0.904651,0.106691 0.893309,0.119203 0.880797,0.1729818351762115,3.4552936823980653
sqa,Phi-3,4c088a5366459f2256c6,1,Did Van Gogh suffer from a mental disorder?,The question asks if Van Gogh suffered from a mental disorder.,0.9999832982992097,1.0,1.6701700790267004e-05,1.0,0.9,-0.09999999999999998,-0.029015839909836805,0.18961415453656683,0.21862999444640363,False,False,neutral,neutral,0.966914 0.033086,0.99593 0.00407014,0.7773 0.2227,0.0206462074764739,5.792705636503898
sqa,Phi-3,4c088a5366459f2256c6,3,Did Van Gogh suffer from a mental disorder?,Vincent Van Gogh was a Dutch painter who is known for his post-impressionist works.,0.9999999999999791,0.9999999847700203,-1.522995884961631e-08,1.0,0.9,-0.09999999999999998,-0.01902235046141587,0.11496121827154082,0.1339835687329567,False,False,neutral,neutral,0.966914 0.033086,0.985936 0.0140636,0.851953 0.148047,0.1350016099665971,3.4978506585077813
sqa,Phi-3,4c088a5366459f2256c6,5,Did Van Gogh suffer from a mental disorder?,Van Gogh struggled with mental health issues throughout his life.,0.9999999998308102,0.9999999999999433,1.6913304090593329e-10,0.9,0.9,0.0,-0.00712862114939794,0.11496121586032926,0.1220898370097272,False,False,neutral,neutral,0.966914 0.033086,0.974043 0.0259574,0.851953 0.148047,0.1736802785332823,2.743588561019937
sqa,Phi-3,4c088a5366459f2256c6,7,Did Van Gogh suffer from a mental disorder?,He was diagnosed with psychosis and had several episodes of mental illness.,1.0,0.9999999999997456,-2.5435209494162336e-13,1.0,0.9,-0.09999999999999998,-9.343544826734274e-10,0.4669140218511373,0.46691402278549177,False,False,neutral,moderate,0.966914 0.033086,0.966914 0.033086,0.5 0.5,0.1362989763322479,2.955189454017117
sqa,Phi-3,4c088a5366459f2256c6,9,Did Van Gogh suffer from a mental disorder?,Van Gogh's mental health issues contributed to his suicide at the age of 37.,1.0,0.9999991684712809,-8.315287191029697e-07,0.9,1.0,0.09999999999999998,-0.010108609165753402,0.06226349192782221,0.07237210109357561,False,False,neutral,neutral,0.966914 0.033086,0.977023 0.0229774,0.904651 0.0953495,0.1976249719601485,1.6809166369412554
sqa,Phi-3,4ea450758bcead502050,1,Is the Royal Air Force ensign on the moon?,The Royal Air Force (RAF) is a branch of the British Armed Forces responsible for aerial warfare and defense.,1.0,1.0,0.0,0.9,0.9,0.0,-0.0009899662418755284,0.03891504256077316,0.03990500880264869,False,False,neutral,neutral,0.00317268 0.996827,0.00218272 0.997817,0.0420877 0.957912,0.1535501493533052,7.303360548824408
sqa,Phi-3,4ea450758bcead502050,3,Is the Royal Air Force ensign on the moon?,The RAF ensign is a flag used by the Royal Air Force.,0.9999999999771026,1.0,2.289735068217169e-11,0.9,0.9,0.0,-0.0014719603543493776,0.029913292475478803,0.03138525282982818,False,False,neutral,neutral,0.00317268 0.996827,0.00170072 0.998299,0.033086 0.966914,0.07256669434719192,3.484911177290254
sqa,Phi-3,4ea450758bcead502050,5,Is the Royal Air Force ensign on the moon?,The moon is a natural satellite of Earth and has no permanent human presence or military forces.,1.0,1.0,0.0,0.9,0.9,0.0,0.003520168204535268,0.056913960734428226,0.05339379252989296,False,False,neutral,neutral,0.00317268 0.996827,0.00669285 0.993307,0.0600866 0.939913,0.10576594233637614,4.493192551913655
sqa,Phi-3,4ea450758bcead502050,7,Is the Royal Air Force ensign on the moon?,The RAF ensign would not be present on the moon unless it was brought there by a human mission.,0.9999999973534264,0.9999999996418252,2.2883988037847303e-09,0.9,0.9,0.0,-0.0016715005116700876,0.07268549899761367,0.07435699950928376,False,False,neutral,neutral,0.00317268 0.996827,0.00150118 0.998499,0.0758582 0.924142,0.07254806999772251,4.536020642336414
sqa,Phi-3,4ea450758bcead502050,9,Is the Royal Air Force ensign on the moon?,"As of now, there have been no human missions to the moon that involved the RAF or any other military forces.",0.9999999979388464,0.9999991684712809,-8.294675655218242e-07,0.9,0.9,0.0,-0.002837332801723713,0.12979154423978878,0.1326288770415125,False,False,neutral,neutral,0.00317268 0.996827,0.00033535 0.999665,0.132964 0.867036,0.10552446663645802,3.1755388657874057
sqa,Phi-3,4fd64bb6ce5b78ab20b6,1,Is Mixed martial arts totally original from Roman Colosseum games?,Mixed martial arts (MMA) is a modern combat sport that combines techniques from various martial arts disciplines.,0.9999999979388464,0.9999999999999953,2.061148918208744e-09,1.0,1.0,0.0,-0.0055545583670438825,0.07736324513192117,0.08291780349896505,False,False,neutral,neutral,0.0179862 0.982014,0.0124317 0.987568,0.0953495 0.904651,0.09310268088228181,8.512724306859948
sqa,Phi-3,4fd64bb6ce5b78ab20b6,3,Is Mixed martial arts totally original from Roman Colosseum games?,"The Roman Colosseum games, also known as gladiatorial games, were a form of entertainment in ancient Rome where gladiators fought each other or wild animals for the entertainment of the public.",1.0,1.0,0.0,1.0,0.9,-0.09999999999999998,-0.0020798170567214447,0.02943966562842515,0.031519482685146594,False,False,neutral,neutral,0.0179862 0.982014,0.0159064 0.984094,0.0474259 0.952574,0.06422119342927193,4.005151204526299
sqa,Phi-3,4fd64bb6ce5b78ab20b6,5,Is Mixed martial arts totally original from Roman Colosseum games?,"While both MMA and Roman Colosseum games involve combat and fighting, they have significant differences in terms of rules, techniques, and purpose.",0.9999999999200804,0.999999999782756,-1.373243740943053e-10,1.0,1.0,0.0,0.007971147046624494,0.029439662779789044,0.02146851573316455,False,False,neutral,neutral,0.0179862 0.982014,0.0259574 0.974043,0.0474259 0.952574,0.0645422292243771,10.585840688328892
sqa,Phi-3,52a0dd337fb870fa3eb8,1,Has Oscar Wilde's most famous character ever been in an Eva Green project?,"Identify Oscar Wilde's most famous character: Oscar Wilde's most famous character is likely to be Dorian Gray from his novel ""The Picture of Dorian Gray.""",1.0,0.9999999999999999,-1.1102230246251565e-16,1.0,0.9,-0.09999999999999998,-0.002747502709336991,0.010686266126690325,0.013433768836027316,False,False,neutral,neutral,0.00522013 0.99478,0.00247262 0.997527,0.0159064 0.984094,0.2862093864569028,5.025935368369767
sqa,Phi-3,5e692b6eb781e2d6f8c8,1,Is an astronomer interested in drosophila?,An astronomer is a scientist who studies celestial objects and phenomena.,0.9995692574594243,1.0,0.0004307425405757348,1.0,0.9,-0.09999999999999998,-0.007900701834083423,0.30048893080781114,0.30838963264189456,False,False,neutral,moderate,0.0203324 0.979668,0.0124317 0.987568,0.320821 0.679179,0.10557305745706823,21.23001641996223
sqa,Phi-3,5e692b6eb781e2d6f8c8,3,Is an astronomer interested in drosophila?,"Drosophila is a genus of small flies, commonly known as fruit flies.",0.9999999748900085,0.9999999999515263,2.5061517860969218e-08,1.0,0.9,-0.09999999999999998,0.07501710948582507,0.0555258203361545,-0.019491289149670576,False,False,neutral,neutral,0.0203324 0.979668,0.0953495 0.904651,0.0758582 0.924142,0.20343502359288965,12.166626287052722
sqa,Phi-3,5e692b6eb781e2d6f8c8,5,Is an astronomer interested in drosophila?,"Astronomers study celestial objects, not living organisms like fruit flies.",0.9999999928058669,0.9992898256111574,-0.0007101671947095101,1.0,0.9,-0.09999999999999998,0.2738826237096571,0.07501710406633977,-0.19886551964331733,False,False,moderate,neutral,0.0203324 0.979668,0.294215 0.705785,0.0953495 0.904651,0.121212000188343,15.829618851571166
sqa,Phi-3,6541fe954f5c5a530fba,1,Did Eiffel Tower contribute to a war victory?,"The Eiffel Tower is a famous landmark in Paris, France.",0.9999938557876467,1.0,6.144212353342837e-06,1.0,0.9,-0.09999999999999998,-0.0047608427924804575,0.14033779715549588,0.14509863994797634,False,False,neutral,neutral,0.0420877 0.957912,0.0373269 0.962673,0.182426 0.817574,0.04401693850091815,4.494338635841583
sqa,Phi-3,6541fe954f5c5a530fba,11,Did Eiffel Tower contribute to a war victory?,"However, it has become an iconic symbol of France and is now one of the most visited tourist attractions in the world.",1.0,0.9999999996418252,-3.581748231340498e-10,0.9,0.9,0.0,-0.03801759169104446,0.06460285557513068,0.10262044726617514,False,False,neutral,neutral,0.0420877 0.957912,0.00407014 0.99593,0.106691 0.893309,0.08076500343731924,1.664022799950985
sqa,Phi-3,6541fe954f5c5a530fba,3,Did Eiffel Tower contribute to a war victory?,It was built as the entrance arch for the 1889 World's Fair (Exposition Universelle).,0.9999999995400944,1.0,4.5990555808117506e-10,1.0,0.9,-0.09999999999999998,0.4579122707849934,0.06460286300333706,-0.39330940778165635,True,False,moderate,neutral,0.0420877 0.957912,0.5 0.5,0.106691 0.893309,0.16921310918124932,5.073864655815696
sqa,Phi-3,6541fe954f5c5a530fba,5,Did Eiffel Tower contribute to a war victory?,The World's Fair was held to celebrate the 100th anniversary of the French Revolution.,0.9999999881388798,0.9999999999994615,1.1860581738964981e-08,1.0,1.0,0.0,-0.0401609945652216,0.10595946824016367,0.14612046280538526,False,False,neutral,neutral,0.0420877 0.957912,0.00192673 0.998073,0.148047 0.851953,0.0914322756082754,2.8087842178240345
sqa,Phi-3,6541fe954f5c5a530fba,7,Did Eiffel Tower contribute to a war victory?,"The Eiffel Tower was designed by Gustave Eiffel, a French civil engineer.",0.9999999999999791,1.0,2.0872192862952943e-14,1.0,0.9,-0.09999999999999998,-0.029656077915957035,0.10595947406449169,0.13561555198044872,False,False,neutral,neutral,0.0420877 0.957912,0.0124317 0.987568,0.148047 0.851953,0.08093817122703019,5.720174820706003
sqa,Phi-3,6541fe954f5c5a530fba,9,Did Eiffel Tower contribute to a war victory?,The tower was initially criticized by some artists and intellectuals for its design.,1.0,0.99999999999886,-1.1399770016851107e-12,1.0,0.9,-0.09999999999999998,-0.04016099443127219,-0.012775496248596196,0.027385498182675994,False,False,neutral,neutral,0.0420877 0.957912,0.00192673 0.998073,0.0293122 0.970688,0.11740050251647344,4.376307173911993
sqa,Phi-3,660bfdc17b47f42facac,1,Are moose used for work near the kingdom of Arendelle?,The question asks if moose are used for work near the kingdom of Arendelle.,0.9996645373720975,1.0,0.00033546262790251635,1.0,1.0,0.0,0.003967913553336366,0.0907398901176607,0.08677197656432434,False,False,neutral,neutral,0.00460957 0.99539,0.00857749 0.991423,0.0953495 0.904651,0.049907779575433624,9.165678100390975
sqa,Phi-3,660bfdc17b47f42facac,3,Are moose used for work near the kingdom of Arendelle?,Arendelle is a fictional kingdom from the movie Frozen.,0.999999999999994,1.0,5.995204332975845e-15,1.0,0.9,-0.09999999999999998,0.006377370092502832,0.10208102178770373,0.0957036516952009,False,False,neutral,neutral,0.00460957 0.99539,0.0109869 0.989013,0.106691 0.893309,0.08251798845117116,3.5185517522387846
sqa,Phi-3,660bfdc17b47f42facac,5,Are moose used for work near the kingdom of Arendelle?,Moose are not native to the Arendelle region in the movie.,1.0,0.9999999999999999,-1.1102230246251565e-16,0.9,1.0,0.09999999999999998,0.002083279394528459,0.06293711889334419,0.06085383949881573,False,False,neutral,neutral,0.00460957 0.99539,0.00669285 0.993307,0.0675467 0.932453,0.6056953242660238,2.1286011724888088
sqa,Phi-3,660bfdc17b47f42facac,7,Are moose used for work near the kingdom of Arendelle?,Moose are not mentioned as being used for work in the movie.,0.9999999997210532,0.9998765901959134,-0.00012340952513989478,0.9,1.0,0.09999999999999998,-0.0018086455285413194,0.05547707745916375,0.05728572298770507,False,False,neutral,neutral,0.00460957 0.99539,0.00280093 0.997199,0.0600866 0.939913,0.2869374887702973,1.2921003912457607
sqa,Phi-3,72d9416ee7093deb9eab,1,"Could the main character of ""Alice's Adventures in Wonderland"" join a Masonic Lodge?","The main character of ""Alice's Adventures in Wonderland"" is Alice.",0.9968172192034903,0.9999997617630333,0.003182542559542978,1.0,0.9,-0.09999999999999998,-0.01646926881346944,0.017909040001228727,0.034378308814698166,False,False,neutral,neutral,0.164516 0.835484,0.148047 0.851953,0.182426 0.817574,0.11426728104521379,12.804783083818629
sqa,Phi-3,72d9416ee7093deb9eab,3,"Could the main character of ""Alice's Adventures in Wonderland"" join a Masonic Lodge?",Masonic Lodges are organizations that follow specific rituals and traditions.,0.9999999999999998,0.9999999999993086,-6.912248551316225e-13,1.0,0.9,-0.09999999999999998,0.1044249426467112,0.05818364774442497,-0.046241294902286234,False,False,neutral,neutral,0.164516 0.835484,0.268941 0.731059,0.2227 0.7773,0.21921991815401842,3.790577959568058
sqa,Phi-3,72d9416ee7093deb9eab,5,"Could the main character of ""Alice's Adventures in Wonderland"" join a Masonic Lodge?",Alice is a fictional character and does not exist in the real world.,0.9999898699064014,0.9999999987498471,1.012884344575582e-05,0.9,0.9,0.0,0.18412865868088713,0.017909057569797326,-0.1662196011110898,False,False,neutral,neutral,0.164516 0.835484,0.348645 0.651355,0.182426 0.817574,0.4170879929545349,3.7762545472548528
sqa,Phi-3,72d9416ee7093deb9eab,7,"Could the main character of ""Alice's Adventures in Wonderland"" join a Masonic Lodge?","Since Alice is not a real person, she cannot join a Masonic Lodge.",0.22119921692859512,0.9984965608070224,0.7772973438784273,1.0,0.9,-0.09999999999999998,-0.03155224078558583,-0.04531355210501742,-0.01376131131943159,False,False,neutral,neutral,0.164516 0.835484,0.132964 0.867036,0.119203 0.880797,0.148089725648019,2.9617036767936162
sqa,Phi-3,86ead3f15417204affc2,1,Is Dustin Hoffman one of the B'nei Yisrael?,B'nei Yisrael refers to the Jewish people.,0.9999999943972036,0.9999999999999923,5.602788788472424e-09,1.0,1.0,0.0,-0.0048544100552052605,0.13561554297709433,0.1404699530322996,False,False,neutral,neutral,0.0124317 0.987568,0.00757724 0.992423,0.148047 0.851953,0.09294510965621117,9.273211534595298
sqa,Phi-3,86ead3f15417204affc2,3,Is Dustin Hoffman one of the B'nei Yisrael?,Dustin Hoffman is an American actor.,0.9999417053362691,0.9999999966017322,5.829126546308405e-05,1.0,0.9,-0.09999999999999998,-0.006520582367790961,0.13561554499226047,0.14213612736005143,False,False,neutral,neutral,0.0124317 0.987568,0.00591107 0.994089,0.148047 0.851953,0.11933873278802047,7.433370684617951
sqa,Phi-3,86ead3f15417204affc2,5,Is Dustin Hoffman one of the B'nei Yisrael?,Dustin Hoffman is not Jewish.,0.999996273346828,0.22119921692859512,-0.7787970564182328,0.9,1.0,0.09999999999999998,-0.005738800267918953,0.10677127816442356,0.11251007843234251,False,False,neutral,neutral,0.0124317 0.987568,0.00669285 0.993307,0.119203 0.880797,0.6046970524097193,2.778650881877347
sqa,Phi-3,88b682482647a80a080d,1,If you add water to rice pudding is it horchata?,"Rice pudding is a dessert made from rice, milk, and sugar.",0.9999999943972036,0.9999999999975866,5.6003830462003634e-09,1.0,1.0,0.0,0.00921353929788682,0.2160072880206072,0.20679374872272038,False,False,neutral,neutral,0.00669285 0.993307,0.0159064 0.984094,0.2227 0.7773,0.13594107245054546,6.393409972369916
sqa,Phi-3,88b682482647a80a080d,3,If you add water to rice pudding is it horchata?,"Horchata is a beverage made from rice, water, and spices.",1.0,0.9999986290409136,-1.370959086366419e-06,1.0,1.0,0.0,-0.0020832785760083183,0.08865661555733673,0.09073989413334504,False,False,neutral,neutral,0.00669285 0.993307,0.00460957 0.99539,0.0953495 0.904651,0.2531220807109132,9.648994733537855
sqa,Phi-3,88b682482647a80a080d,5,If you add water to rice pudding is it horchata?,"Adding water to rice pudding will make it more liquid, but it will still be rice pudding.",0.9999993524047824,0.9999999999999901,6.475952076812064e-07,1.0,1.0,0.0,0.05339380075989475,0.2622485611069678,0.20885476034707307,False,False,neutral,moderate,0.00669285 0.993307,0.0600867 0.939913,0.268941 0.731059,0.0831967793338584,5.624078106804423
sqa,Phi-3,89a19bd8f2bea335bca1,1,Did Doctor Strange creators also make Batman?,Doctor Strange is a comic book character created by writer Stan Lee and artist Steve Ditko.,1.0,1.0,0.0,1.0,1.0,0.0,0.0013014961044421902,0.042816294261788124,0.041514798157345933,False,False,neutral,neutral,0.00460957 0.99539,0.00591107 0.994089,0.0474259 0.952574,0.25299705862158534,9.343440615943502
sqa,Phi-3,89a19bd8f2bea335bca1,3,Did Doctor Strange creators also make Batman?,Batman is a comic book character created by writer Bob Kane and artist Bill Finger.,1.0,1.0,0.0,1.0,1.0,0.0,-0.0005394342167410748,0.032717312268149334,0.03325674648489041,False,False,neutral,neutral,0.00460957 0.99539,0.00407014 0.99593,0.0373269 0.962673,0.3249452745040746,5.736947091047183
sqa,Phi-3,89a19bd8f2bea335bca1,5,Did Doctor Strange creators also make Batman?,Stan Lee and Steve Ditko are not the same as Bob Kane and Bill Finger.,0.6321205588285577,0.9999999317439663,0.3678793729154086,1.0,0.9,-0.09999999999999998,0.000610553865705965,0.07124860454355764,0.07063805067785167,False,False,neutral,neutral,0.00460957 0.99539,0.00522013 0.99478,0.0758582 0.924142,0.36793545383474596,7.395418260243379
sqa,Phi-3,911c0d74b7882fc20ec8,1,Have jokes killed more people than rats in history?,"Jokes are a form of entertainment and communication, and they have been around for centuries.",0.99999999999886,0.9999999999981205,-7.395195567028168e-13,0.9,0.9,0.0,0.010098982916734722,0.2568880643189406,0.2467890814022059,False,False,neutral,moderate,0.0373269 0.962673,0.0474259 0.952574,0.294215 0.705785,0.11905608319231081,3.069617876513399
sqa,Phi-3,911c0d74b7882fc20ec8,3,Have jokes killed more people than rats in history?,"Rats, on the other hand, are known to spread diseases and cause harm to humans.",0.9999999998973812,0.9999999999998457,1.0246448134410002e-10,1.0,0.9,-0.09999999999999998,-0.01699453341365298,0.1107203068349355,0.12771484024858848,False,False,neutral,neutral,0.0373269 0.962673,0.0203324 0.979668,0.148047 0.851953,0.2206378632028026,4.1056857759692935
sqa,Phi-3,911c0d74b7882fc20ec8,5,Have jokes killed more people than rats in history?,"Throughout history, there have been instances where rats have caused significant damage and loss of life, such as during the Black Death in the 14th century.",1.0,0.9999999586006229,-4.139937714864317e-08,0.9,0.9,0.0,-0.014349518043376919,0.0227597611297381,0.03710927917311502,False,False,neutral,neutral,0.0373269 0.962673,0.0229774 0.977023,0.0600866 0.939913,0.1520909017277182,3.1069697564702854
sqa,Phi-3,911c0d74b7882fc20ec8,7,Have jokes killed more people than rats in history?,"Jokes, while they can sometimes be offensive or inappropriate, generally do not pose a direct threat to human life.",0.9999999847700203,0.9999999997210532,1.495103296722533e-08,0.9,0.9,0.0,-0.02761841119896724,0.05802257122586996,0.0856409824248372,False,False,neutral,neutral,0.0373269 0.962673,0.00970848 0.990292,0.0953495 0.904651,0.1948929912317945,2.804475329958682
sqa,Phi-3,911c0d74b7882fc20ec8,9,Have jokes killed more people than rats in history?,It is highly unlikely that jokes have killed more people than rats in history.,0.9982963802041974,0.999959934702607,0.001663554498409603,0.9,1.0,0.09999999999999998,-0.008014654985968983,0.3402137659301129,0.34822842091608186,False,False,neutral,moderate,0.0373269 0.962673,0.0293122 0.970688,0.377541 0.622459,0.06381757791950887,6.310302061842147
sqa,Phi-3,976710eb9fff4ed94fd8,1,Will Chuck Norris be a nonagenarian by time next leap year after 2020 happens?,The next leap year after 2020 is 2024.,0.999891091230145,0.9999999993308414,0.00010890810069641432,1.0,0.9,-0.09999999999999998,0.026606283936119413,0.14360848568405804,0.11700220174793863,False,False,neutral,neutral,0.294215 0.705785,0.320821 0.679179,0.437823 0.562177,0.026201415940593574,21.652627137500776
sqa,Phi-3,976710eb9fff4ed94fd8,3,Will Chuck Norris be a nonagenarian by time next leap year after 2020 happens?,"Chuck Norris was born on April 10, 1940.",0.9999999999999732,0.9999999999999272,-4.6074255521943996e-14,1.0,1.0,0.0,-0.12969853335028136,-0.11178948541400868,0.017909047936272682,False,False,neutral,neutral,0.294215 0.705785,0.164516 0.835484,0.182426 0.817574,0.052464899518973145,5.229653775953387
sqa,Phi-3,976710eb9fff4ed94fd8,5,Will Chuck Norris be a nonagenarian by time next leap year after 2020 happens?,"To find out if he will be a nonagenarian (90 years old) by 2024, we need to calculate his age in 2024.",0.9988291203792088,0.9999997617630333,0.0011706413838245,1.0,0.9,-0.09999999999999998,-3.795433545228377e-08,0.1436084926515977,0.14360853060593315,False,False,neutral,neutral,0.294215 0.705785,0.294215 0.705785,0.437823 0.562177,0.04710891283973438,7.730373912055779
sqa,Phi-3,976710eb9fff4ed94fd8,7,Will Chuck Norris be a nonagenarian by time next leap year after 2020 happens?,2024 - 1940 = 84,0.9996645373720975,0.9999999778405102,0.0003354404684127177,1.0,0.9,-0.09999999999999998,-0.07151487409885382,-0.025273578969528865,0.046241295129324955,False,False,neutral,neutral,0.294215 0.705785,0.2227 0.7773,0.268941 0.731059,0.23069673227598458,4.349128331398364
sqa,Phi-3,9975870880bf73b8644e,1,Do some religions look forward to armageddon?,The question asks if some religions look forward to armageddon.,0.9999999997210532,1.0,2.78946754583842e-10,1.0,1.0,0.0,-0.05552583136270117,0.2449631301644728,0.30048896152717397,False,False,neutral,neutral,0.924142 0.0758582,0.979668 0.0203324,0.679179 0.320821,0.016042699671713158,10.621466869382427
sqa,Phi-3,9975870880bf73b8644e,11,Do some religions look forward to armageddon?,"The concept of Armageddon in Christianity is not necessarily about looking forward to it with excitement or anticipation, but rather about the fulfillment of God's plan for justice and the defeat of evil.",1.0,1.0,0.0,0.9,1.0,0.09999999999999998,0.575496679197852,-0.008311494015177168,-0.5838081732130291,True,False,high,neutral,0.924142 0.0758582,0.348645 0.651355,0.932453 0.0675467,0.02602443490533152,2.712087387900765
sqa,Phi-3,9975870880bf73b8644e,13,Do some religions look forward to armageddon?,"However, some individuals or groups within Christianity may interpret these prophecies in a way that leads them to believe that Armageddon is a desirable outcome.",1.0,1.0,0.0,0.9,0.9,0.0,-0.05288081965484326,0.04334472772574771,0.09622554738059097,False,False,neutral,neutral,0.924142 0.0758582,0.977023 0.0229774,0.880797 0.119203,0.043724749251407236,4.474776562752564
sqa,Phi-3,9975870880bf73b8644e,15,Do some religions look forward to armageddon?,"It's important to note that not all Christians or religious individuals may share this view, and interpretations of eschatological beliefs can vary widely.",0.9999999999771026,0.9999993524047824,-6.475723202115091e-07,0.9,1.0,0.09999999999999998,0.00924086124811141,-0.015771532394333376,-0.025012393642444786,False,False,neutral,neutral,0.924142 0.0758582,0.914901 0.085099,0.939913 0.0600867,0.05113142022605896,3.4030128004796185
sqa,Phi-3,9975870880bf73b8644e,3,Do some religions look forward to armageddon?,Armageddon is a concept often associated with the end of the world or a final battle between good and evil.,1.0,1.0,0.0,1.0,1.0,0.0,0.10656734346273922,0.4863183212738144,0.3797509778110752,False,True,neutral,moderate,0.924142 0.0758582,0.817574 0.182426,0.437823 0.562177,0.0397893274180565,5.190983871603954
sqa,Phi-3,9975870880bf73b8644e,5,Do some religions look forward to armageddon?,"Many religions have eschatological beliefs, which are beliefs about the end times or the ultimate destiny of humanity.",1.0,1.0,0.0,1.0,0.9,-0.09999999999999998,0.7223285815083023,0.7911775670239505,0.06884898551564822,True,True,high,high,0.924142 0.0758582,0.201813 0.798187,0.132964 0.867036,0.04622932868153517,2.2047967182971764
sqa,Phi-3,9975870880bf73b8644e,7,Do some religions look forward to armageddon?,"Some religions, such as Christianity, have apocalyptic prophecies that describe a final battle between good and evil, often referred to as Armageddon.",1.0,1.0,0.0,1.0,0.9,-0.09999999999999998,-0.03377045831471881,0.7223285989485522,0.756099057263271,False,True,neutral,high,0.924142 0.0758582,0.957912 0.0420877,0.201813 0.798187,0.04390228986665181,2.197546148341483
sqa,Phi-3,9975870880bf73b8644e,9,Do some religions look forward to armageddon?,"In Christianity, the Book of Revelation describes the events leading up to the end of the world, including the battle of Armageddon.",1.0,1.0,0.0,1.0,0.9,-0.09999999999999998,-0.03853129987068027,0.5754966715753997,0.61402797144608,False,True,neutral,high,0.924142 0.0758582,0.962673 0.0373269,0.348645 0.651355,0.039010903659760086,1.481128865577501
sqa,Phi-3,9d2f5beb0ffe85faf16d,1,Can a computer be programmed entirely in Boolean algebra?,Boolean algebra is a branch of mathematics that deals with binary variables and logical operations.,1.0,1.0,0.0,0.9,0.9,0.0,-0.10356011362345163,-0.027823822290282685,0.07573629133316895,False,False,neutral,neutral,0.348645 0.651355,0.245085 0.754915,0.320821 0.679179,0.38233993735000443,14.606019532861493
sqa,Phi-3,9d2f5beb0ffe85faf16d,11,Can a computer be programmed entirely in Boolean algebra?,"These programming languages use Boolean algebra as a foundation for representing logical operations, but they also include additional features and constructs to make programming more efficient and user-friendly.",1.0,0.9999999966017322,-3.398267778287334e-09,0.9,0.9,0.0,-0.2810984273360112,-0.14683189545025055,0.13426653188576065,False,False,negative,neutral,0.348645 0.651355,0.0675467 0.932453,0.201813 0.798187,0.13417934423869515,2.072427740566417
sqa,Phi-3,9d2f5beb0ffe85faf16d,3,Can a computer be programmed entirely in Boolean algebra?,Programming involves writing instructions for a computer to perform specific tasks.,0.9999999317439663,1.0,6.825603371396483e-08,1.0,0.9,-0.09999999999999998,0.1513548811140103,-0.027823815001000285,-0.17917869611501058,True,False,neutral,neutral,0.348645 0.651355,0.5 0.5,0.320821 0.679179,0.14721083083932354,3.8014967330109077
sqa,Phi-3,9d2f5beb0ffe85faf16d,5,Can a computer be programmed entirely in Boolean algebra?,"A computer can be programmed using various programming languages, which are designed to be understood by humans and executed by computers.",1.0,1.0,0.0,1.0,0.9,-0.09999999999999998,0.27381421452800814,-0.20059792344611227,-0.4744121379741204,True,False,moderate,neutral,0.348645 0.651355,0.622459 0.377541,0.148047 0.851953,0.14723719945430824,4.52643298941061
sqa,Phi-3,9d2f5beb0ffe85faf16d,7,Can a computer be programmed entirely in Boolean algebra?,"While Boolean algebra can be used to represent logical operations, it is not a programming language itself.",0.9999999847700203,1.0,1.5229979721809173e-08,0.9,1.0,0.09999999999999998,0.1513548811140103,-0.1035600988237857,-0.254914979937796,True,False,neutral,neutral,0.348645 0.651355,0.5 0.5,0.245085 0.754915,0.061388880895768626,2.8083524270512945
sqa,Phi-3,9d2f5beb0ffe85faf16d,9,Can a computer be programmed entirely in Boolean algebra?,"Programming languages like Python, Java, and C++ are designed to be more expressive and easier for humans to understand and write code in.",0.9999999999999999,0.99999999999886,-1.1398659793826482e-12,0.9,0.9,0.0,0.028895535784218107,0.08917838454141236,0.06028284875719425,False,False,neutral,neutral,0.348645 0.651355,0.377541 0.622459,0.437824 0.562176,0.2141766685952254,3.765283362804159
sqa,Phi-3,9deedbba0ca784be1855,1,Does Amtrak operate four wheel vehicles?,Amtrak is a passenger railroad service in the United States.,0.9999999847700203,1.0,1.5229979721809173e-08,0.9,0.9,0.0,-0.07944307238704174,0.22547181921377135,0.3049148916008131,False,False,neutral,neutral,0.0953495 0.904651,0.0159064 0.984094,0.320821 0.679179,0.09168049915393342,5.381171105480992
sqa,Phi-3,9deedbba0ca784be1855,3,Does Amtrak operate four wheel vehicles?,"Railroads typically use trains, which consist of multiple cars connected together.",1.0,1.0,0.0,1.0,0.9,-0.09999999999999998,0.7566033349936372,0.34247402282190487,-0.4141293121717323,True,False,high,moderate,0.0953495 0.904651,0.851953 0.148047,0.437823 0.562177,0.23705007954351465,2.596073848941716
sqa,Phi-3,9deedbba0ca784be1855,5,Does Amtrak operate four wheel vehicles?,Trains usually have two or more sets of wheels (trucks) under each car.,0.9999998555019753,0.9999999999999999,1.4449802454574723e-07,1.0,0.9,-0.09999999999999998,0.1273506774270755,0.10646377213913683,-0.020886905287938684,False,False,neutral,neutral,0.0953495 0.904651,0.2227 0.7773,0.201813 0.798187,0.10219110001284931,2.696244546136204
sqa,Phi-3,9deedbba0ca784be1855,7,Does Amtrak operate four wheel vehicles?,"Four-wheel vehicles are typically cars or buses, which are not operated by railroads.",0.9999999999948909,0.9999998144608637,-1.8553402714172051e-07,1.0,0.9,-0.09999999999999998,0.4973171272008885,0.12735067455348548,-0.369966452647403,True,False,moderate,neutral,0.0953495 0.904651,0.592667 0.407333,0.2227 0.7773,0.2501153283942003,3.5290236921047216
sqa,Phi-3,a7c566e2adbb58be2da8,1,Is 3D printing able to make adenovirus?,Adenovirus is a type of virus.,0.9999999979388464,0.9999999999999972,2.0611508055878858e-09,0.9,1.0,0.09999999999999998,-0.01139941944065248,0.10677126147992633,0.11817068092057881,False,False,neutral,neutral,0.0124317 0.987568,0.00103223 0.998968,0.119203 0.880797,0.04970654735060137,5.199150237709751
sqa,Phi-3,a7c566e2adbb58be2da8,3,Is 3D printing able to make adenovirus?,"Viruses are not living organisms, but rather genetic material (DNA or RNA) enclosed in a protein coat.",0.9999999999998457,1.0,1.5432100042289676e-13,1.0,0.9,-0.09999999999999998,0.04765499699798814,0.2565097570584617,0.20885476006047354,False,False,neutral,moderate,0.0124317 0.987568,0.0600866 0.939913,0.268941 0.731059,0.07398213205658762,5.513148544629817
sqa,Phi-3,a7c566e2adbb58be2da8,5,Is 3D printing able to make adenovirus?,3D printing is a manufacturing process that creates physical objects by adding material layer by layer.,1.0,0.9999999999999732,-2.6756374893466273e-14,1.0,0.9,-0.09999999999999998,-0.003854164804922844,0.024895240292859278,0.02874940509778212,False,False,neutral,neutral,0.0124317 0.987568,0.00857749 0.991423,0.0373269 0.962673,0.15324628817703162,5.065594100626752
sqa,Phi-3,a7c566e2adbb58be2da8,7,Is 3D printing able to make adenovirus?,"3D printing can only create objects with a physical form, not genetic material.",0.9999999999999998,0.9999999990263799,-9.736198514076477e-10,1.0,0.9,-0.09999999999999998,0.06342652229470958,0.013525706323803566,-0.04990081597090601,False,False,neutral,neutral,0.0124317 0.987568,0.0758582 0.924142,0.0259574 0.974043,0.13719583844612815,5.03794846396927
sqa,Phi-3,b002c8cef0a1b3f84f7a,1,Could a chipmunk fit 100 chocolate chips in his mouth?,A chipmunk's mouth is small and can only hold a limited amount of objects.,0.9999999928058669,1.0,7.194133067045527e-09,1.0,0.9,-0.09999999999999998,0.030425960028005794,0.24596404596220467,0.21553808593419888,False,False,neutral,neutral,0.0229774 0.977023,0.0534033 0.946597,0.268941 0.731059,0.1381063233493937,3.592343455523149
sqa,Phi-3,b002c8cef0a1b3f84f7a,3,Could a chipmunk fit 100 chocolate chips in his mouth?,"Chocolate chips are small, but there are 100 of them.",0.9999417053362691,1.0,5.829466373086234e-05,1.0,0.9,-0.09999999999999998,0.01911035687788054,0.1594481433856232,0.14033778650774265,False,False,neutral,neutral,0.0229774 0.977023,0.0420877 0.957912,0.182426 0.817574,0.08291636798390283,3.515291164736791
sqa,Phi-3,b002c8cef0a1b3f84f7a,5,Could a chipmunk fit 100 chocolate chips in his mouth?,It would be difficult for a chipmunk to fit 100 chocolate chips in its mouth at once.,0.9999999990263799,0.9999996940976795,-3.0492870040088604e-07,1.0,0.9,-0.09999999999999998,-0.016284518777398227,0.07237209301135672,0.08865661178875495,False,False,neutral,neutral,0.0229774 0.977023,0.00669285 0.993307,0.0953495 0.904651,0.04387470934818953,5.739352645476231
sqa,Phi-3,b5b110367bb88821d9d0,1,Did Millard Fillmore help to establish the University of Pittsburgh?,"Millard Fillmore was the 13th President of the United States, serving from 1850 to 1853.",1.0,0.9999999999992165,-7.83484388477973e-13,0.9,0.9,0.0,0.4773654596682231,-0.13839579913950506,-0.6157612588077281,True,False,moderate,neutral,0.320821 0.679179,0.798187 0.201813,0.182426 0.817574,0.41268188336704814,6.52402353141232
sqa,Phi-3,b5b110367bb88821d9d0,3,Did Millard Fillmore help to establish the University of Pittsburgh?,The University of Pittsburgh was founded in 1787 as the Pittsburgh Academy.,1.0,0.9999999999998799,-1.2012613126444194e-13,1.0,0.9,-0.09999999999999998,-0.3049149267309249,0.11700218200152546,0.42191710873245036,False,False,negative,neutral,0.320821 0.679179,0.0159064 0.984094,0.437823 0.562177,0.14365447946682736,4.054561432388362
sqa,Phi-3,b5b110367bb88821d9d0,5,Did Millard Fillmore help to establish the University of Pittsburgh?,Millard Fillmore was not in office during the founding of the University of Pittsburgh.,0.9999999999705992,0.9999999943972036,-5.573395633895473e-09,0.9,0.9,0.0,-0.05187988594136006,-0.026606353585492015,0.025273532355868045,False,False,neutral,neutral,0.320821 0.679179,0.268941 0.731059,0.294215 0.705785,1.1009700305939585,4.735549564363063
sqa,Phi-3,b65adb5caa4f7a207879,1,Are tampons a good 24 hour solution for mentruation?,Tampons are designed to absorb menstrual blood.,0.9999999999994615,1.0,5.384581669432009e-13,1.0,0.9,-0.09999999999999998,-0.009485759497872115,0.06487123700653818,0.0743569965044103,False,False,neutral,neutral,0.0109869 0.989013,0.00150118 0.998499,0.0758582 0.924142,0.05644812135999834,9.248584453633006
sqa,Phi-3,b65adb5caa4f7a207879,11,Are tampons a good 24 hour solution for mentruation?,"It is recommended to change tampons every 4-8 hours, depending on the flow.",0.9999999677581326,1.0,3.224186739814172e-08,1.0,1.0,0.0,-0.009485759830456963,0.018325287498178522,0.027811047328635485,False,False,neutral,neutral,0.0109869 0.989013,0.00150118 0.998499,0.0293122 0.970688,0.034242935528613884,5.669909824224858
sqa,Phi-3,b65adb5caa4f7a207879,3,Are tampons a good 24 hour solution for mentruation?,They are inserted into the vagina to collect the blood.,1.0,1.0,0.0,1.0,0.9,-0.09999999999999998,0.21171320465631782,0.04909970564018795,-0.16261349901612987,False,False,neutral,neutral,0.0109869 0.989013,0.2227 0.7773,0.0600866 0.939913,0.023504601028503744,9.32774937736569
sqa,Phi-3,b65adb5caa4f7a207879,5,Are tampons a good 24 hour solution for mentruation?,"Tampons can be worn for several hours, depending on the flow.",0.999999999999999,1.0,9.992007221626409e-16,1.0,0.9,-0.09999999999999998,0.004919450250143731,0.011990426937534382,0.007070976687390651,False,False,neutral,neutral,0.0109869 0.989013,0.0159064 0.984094,0.0229774 0.977023,0.06421995946334269,3.464617891706836
sqa,Phi-3,b65adb5caa4f7a207879,7,Are tampons a good 24 hour solution for mentruation?,"However, they are not meant to be worn for 24 hours continuously.",0.9999999995400944,0.9999998144608637,-1.8507923071897636e-07,1.0,1.0,0.0,-0.01027727170053283,0.6114723707546807,0.6217496424552136,False,True,neutral,high,0.0109869 0.989013,0.00070967 0.99929,0.622459 0.377541,0.04979578087196675,5.991491111827152
sqa,Phi-3,b65adb5caa4f7a207879,9,Are tampons a good 24 hour solution for mentruation?,"Wearing tampons for too long can increase the risk of Toxic Shock Syndrome (TSS), a rare but serious bacterial infection.",1.0,1.0,0.0,1.0,0.9,-0.09999999999999998,0.026339946237791012,0.022099036102236846,-0.004240910135554166,False,False,neutral,neutral,0.0109869 0.989013,0.0373269 0.962673,0.033086 0.966914,0.36980749000046437,9.261054097481628
sqa,Phi-3,d424e393a4daff536f57,1,Is the span in C-SPAN named after Alan Greenspan?,The question asks if the span in C-SPAN is named after Alan Greenspan.,0.99999893229599,0.9999999999998019,1.0677038119188964e-06,0.9,1.0,0.09999999999999998,-0.007971144427908028,0.06939209672763991,0.07736324115554793,False,False,neutral,neutral,0.0259574 0.974043,0.0179862 0.982014,0.0953495 0.904651,0.04382045686607113,8.479648928236138
sqa,Phi-3,d424e393a4daff536f57,3,Is the span in C-SPAN named after Alan Greenspan?,"C-SPAN is a television network that broadcasts live coverage of the U.S. Congress, federal government proceedings, and other public affairs events.",1.0,1.0,0.0,0.9,0.9,0.0,0.05914168619825977,0.08073324269790161,0.02159155649964184,False,False,neutral,neutral,0.0259574 0.974043,0.085099 0.914901,0.106691 0.893309,0.2911553823550297,5.152362013873314
sqa,Phi-3,d424e393a4daff536f57,5,Is the span in C-SPAN named after Alan Greenspan?,The span in C-SPAN refers to the time period during which the network broadcasts these events.,0.9999999990263799,0.9999999999999999,9.736199624299502e-10,0.9,0.9,0.0,-0.007971143942989478,0.10700688256442215,0.11497802650741162,False,False,neutral,neutral,0.0259574 0.974043,0.0179862 0.982014,0.132964 0.867036,0.09243223235203622,3.992983335057019
sqa,Phi-3,d424e393a4daff536f57,7,Is the span in C-SPAN named after Alan Greenspan?,"Alan Greenspan was a former Chairman of the Federal Reserve, not a person associated with the naming of the span in C-SPAN.",0.9999998144608637,0.9999999987498471,1.8428898340694388e-07,1.0,1.0,0.0,0.021468516648681768,0.011369535402802056,-0.010098981245879712,False,False,neutral,neutral,0.0259574 0.974043,0.0474259 0.952574,0.0373269 0.962673,0.2525999371863375,6.373041192527316
sqa,Phi-3,d424e393a4daff536f57,9,Is the span in C-SPAN named after Alan Greenspan?,"Therefore, the answer is (B) No.",0.9997387414426984,0.9953690812664667,-0.004369660176231638,0.9,1.0,0.09999999999999998,-0.022784671624237474,0.049900824910381614,0.07268549653461909,False,False,neutral,neutral,0.0259574 0.974043,0.00317268 0.996827,0.0758582 0.924142,0.0031570046527045607,23.946345135747652
sqa,Phi-3,e51ea4cf89bc91a77f3c,1,Did any country in Portuguese Colonial War share Switzerlands role in WWII?,The Portuguese Colonial War took place from 1961 to 1974.,0.9999999987498471,0.999999999241744,4.918968565803539e-10,1.0,0.9,-0.09999999999999998,-0.018380113944662768,0.3226877545499359,0.3410678684945987,False,False,neutral,moderate,0.0259574 0.974043,0.00757724 0.992423,0.348645 0.651355,0.07232865062823533,9.163718881688856
sqa,Phi-3,e51ea4cf89bc91a77f3c,3,Did any country in Portuguese Colonial War share Switzerlands role in WWII?,World War II occurred from 1939 to 1945.,0.9999952148826079,0.9968172192034903,-0.0031779956791175845,1.0,0.9,-0.09999999999999998,0.041589336923276155,0.08073322840378694,0.039143891480510784,False,False,neutral,neutral,0.0259574 0.974043,0.0675467 0.932453,0.106691 0.893309,0.10819768719402481,17.6332310504527
sqa,Phi-3,e51ea4cf89bc91a77f3c,5,Did any country in Portuguese Colonial War share Switzerlands role in WWII?,"During World War II, Switzerland maintained a policy of neutrality and did not directly participate in the war.",0.9999999999975866,0.9999999804443189,-1.9553267671668095e-08,1.0,0.9,-0.09999999999999998,-0.011893727796498776,0.12208983914585825,0.13398356694235702,False,False,neutral,neutral,0.0259574 0.974043,0.0140636 0.985936,0.148047 0.851953,0.0722844056988469,5.7834720129550465
sqa,Phi-3,e51ea4cf89bc91a77f3c,7,Did any country in Portuguese Colonial War share Switzerlands role in WWII?,The Portuguese Colonial War was fought by Portugal against nationalist movements in its African colonies.,1.0,0.9999999586006229,-4.139937714864317e-08,1.0,0.9,-0.09999999999999998,-0.011893727597666715,0.19674279491508972,0.20863652251275644,False,False,neutral,neutral,0.0259574 0.974043,0.0140636 0.985936,0.2227 0.7773,0.07230173227684597,4.238189696140344
sqa,Phi-3,f07a6acf27e25dedbb8d,1,Does Andrew Johnson's presidential number exceed Elagabalus's Emperor number?,Andrew Johnson was the 17th President of the United States.,0.9999898699064014,0.9999999993308414,1.0129424440008528e-05,1.0,0.9,-0.09999999999999998,-0.13760109529416908,0.09812115144395217,0.23572224673812125,False,False,neutral,neutral,0.2227 0.7773,0.085099 0.914901,0.320821 0.679179,0.2146031831470947,3.837064133597525
sqa,Phi-3,f07a6acf27e25dedbb8d,3,Does Andrew Johnson's presidential number exceed Elagabalus's Emperor number?,Elagabalus was the 18th Roman Emperor.,0.9999998555019753,0.9999999983947719,1.4289279659518428e-07,1.0,1.0,0.0,-0.020886930076712495,0.09812114402604555,0.11900807410275804,False,False,neutral,neutral,0.2227 0.7773,0.201813 0.798187,0.320821 0.679179,0.19233847241382132,2.556548157247311
sqa,Phi-3,f231532fe17fd971d1e6,1,Is a Boeing 737 cost covered by Wonder Woman (2017 film) box office receipts?,"The question asks if the box office receipts from the 2017 film ""Wonder Woman"" covered the cost of a Boeing 737.",0.9999999987498471,1.0,1.2501528701136522e-09,1.0,0.9,-0.09999999999999998,-0.004425959677730296,0.2023677863129787,0.206793745990709,False,False,neutral,neutral,0.0203324 0.979668,0.0159064 0.984094,0.2227 0.7773,0.043812513159353986,27.254143324524154
sqa,Phi-3,f231532fe17fd971d1e6,3,Is a Boeing 737 cost covered by Wonder Woman (2017 film) box office receipts?,"The cost of a Boeing 737 can vary depending on the model and specifications, but it is generally in the range of $100 million to $150 million.",0.9999999999915765,0.9999999999998457,8.269163132013091e-12,1.0,0.9,-0.09999999999999998,-0.010623874683507006,0.12771483879858314,0.13833871348209015,False,False,neutral,neutral,0.0203324 0.979668,0.00970848 0.990292,0.148047 0.851953,0.09257703074864432,7.745417031656849
sqa,Phi-3,f231532fe17fd971d1e6,5,Is a Boeing 737 cost covered by Wonder Woman (2017 film) box office receipts?,"The 2017 film ""Wonder Woman"" grossed approximately $821.8 million worldwide.",0.9999999999969011,0.9999999999993086,2.4074076065971894e-12,1.0,0.9,-0.09999999999999998,-0.013639501778584195,0.12771483804923267,0.14135433982781687,False,False,neutral,neutral,0.0203324 0.979668,0.00669285 0.993307,0.148047 0.851953,0.19581704253431664,4.715194224430442
sqa,Phi-3,f231532fe17fd971d1e6,7,Is a Boeing 737 cost covered by Wonder Woman (2017 film) box office receipts?,"Comparing the cost of a Boeing 737 to the box office receipts of ""Wonder Woman,"" it is clear that the film's earnings are not enough to cover the cost of a single Boeing 737.",0.9999999677581326,0.9999993524047824,-6.153533501640496e-07,1.0,1.0,0.0,0.005625002951936464,0.12771483267316397,0.1220898297212275,False,False,neutral,neutral,0.0203324 0.979668,0.0259574 0.974043,0.148047 0.851953,0.1533374260007991,4.835511808034029
sqa,Phi-3,f233f8748574df6f4727,1,Do frogs feel disgust?,"Frogs are amphibians, which means they are cold-blooded vertebrates that live both on land and in water.",1.0,1.0,0.0,1.0,0.9,-0.09999999999999998,-0.0054861416431195575,0.2548778022275352,0.26036394387065476,False,False,neutral,moderate,0.0140636 0.985936,0.00857749 0.991423,0.268941 0.731059,0.1966955353174878,9.559664957398464
sqa,Phi-3,f233f8748574df6f4727,3,Do frogs feel disgust?,Frogs have a nervous system that allows them to sense and respond to their environment.,0.9999999847700203,1.0,1.5229979721809173e-08,1.0,0.9,-0.09999999999999998,0.01189373008824246,0.0812858354171877,0.06939210532894524,False,False,neutral,neutral,0.0140636 0.985936,0.0259574 0.974043,0.0953495 0.904651,0.17368966732660987,7.295263818032849
sqa,Phi-3,f233f8748574df6f4727,5,Do frogs feel disgust?,"Disgust is an emotion that is typically associated with humans and some other animals, such as primates and birds.",0.9999999999999992,1.0,7.771561172376096e-16,0.9,0.9,0.0,0.011893729963448618,0.003922584709906585,-0.007971145253542034,False,False,neutral,neutral,0.0140636 0.985936,0.0259574 0.974043,0.0179862 0.982014,0.08251693198764849,7.204223529235748
sqa,Phi-3,f233f8748574df6f4727,7,Do frogs feel disgust?,Frogs do not have the same level of cognitive abilities as humans and other animals that experience emotions like disgust.,0.9999999999821675,0.9999999999891841,7.016609515630989e-12,0.9,0.9,0.0,0.039339707017087555,0.08128583479330997,0.04194612777622242,False,False,neutral,neutral,0.0140636 0.985936,0.0534033 0.946597,0.0953495 0.904651,0.15550606748146947,7.207874967197375
sqa,Phi-3,f233f8748574df6f4727,9,Do frogs feel disgust?,"Therefore, it is unlikely that frogs feel disgust.",0.9999998874648253,0.9999996940976795,-1.9336714573991998e-07,0.9,0.9,0.0,-0.013997574861213113,0.03336224428451329,0.0473598191457264,False,False,neutral,neutral,0.0140636 0.985936,6.60521e-05 0.999934,0.0474259 0.952574,0.009787674455652743,18.33544888199544
sqa,Phi-3,f3d045e08844bf0d4e53,1,Was a person sold a Creative Commons License for Boticelli's The Birth of Venus ripped off?,The question asks if a person was sold a Creative Commons License for Boticelli's The Birth of Venus.,0.9999999973534264,1.0,2.64657362691878e-09,1.0,1.0,0.0,0.09812116561382311,0.2772998395650885,0.1791786739512654,False,True,neutral,moderate,0.2227 0.7773,0.320821 0.679179,0.5 0.5,0.040661124200380136,16.99353886714559
sqa,Phi-3,f3d045e08844bf0d4e53,3,Was a person sold a Creative Commons License for Boticelli's The Birth of Venus ripped off?,Creative Commons Licenses are public copyright licenses that enable the free distribution of an otherwise copyrighted work.,1.0,1.0,0.0,1.0,0.9,-0.09999999999999998,0.07151480107421193,0.33947635755432876,0.2679615564801168,False,True,neutral,moderate,0.2227 0.7773,0.294215 0.705785,0.562177 0.437823,0.27121373608968,5.9158125466232026
sqa,Phi-3,f3d045e08844bf0d4e53,5,Was a person sold a Creative Commons License for Boticelli's The Birth of Venus ripped off?,Boticelli's The Birth of Venus is a famous painting by the Italian artist Sandro Botticelli.,1.0,1.0,0.0,1.0,1.0,0.0,0.07151481156754191,0.2151233521229341,0.14360854055539218,False,False,neutral,neutral,0.2227 0.7773,0.294215 0.705785,0.437824 0.562176,0.30777888339345383,9.017687489142542
sqa,Phi-3,f3d045e08844bf0d4e53,7,Was a person sold a Creative Commons License for Boticelli's The Birth of Venus ripped off?,"The painting is in the public domain, meaning it is not protected by copyright and can be freely used by anyone.",0.9999999999999998,0.9999999983947719,-1.605227839540646e-09,1.0,1.0,0.0,0.2772998395650885,0.3085092099291429,0.031209370364054356,True,True,moderate,moderate,0.2227 0.7773,0.5 0.5,0.531209 0.468791,0.7049764967964112,10.201269990496531
sqa,Phi-3,f3d045e08844bf0d4e53,9,Was a person sold a Creative Commons License for Boticelli's The Birth of Venus ripped off?,"Since the painting is in the public domain, it cannot be sold under a Creative Commons License.",0.999891091230145,0.9999885211001093,9.742986996430503e-05,1.0,1.0,0.0,0.02238485796804035,0.1846332446504091,0.16224838668236874,False,False,neutral,neutral,0.2227 0.7773,0.245085 0.754915,0.407333 0.592667,0.08139575019926629,7.548161129788777
